077,Nelson,41°16'S,173°16'E                                          
Based on constituent set with reference date:,01-Jul-2011
Local Std or Daylight Time,Tidal heights in metres.
1,Sa,1,2022,02:47,0.9,09:17,3.9,15:19,0.8,21:33,3.9
2,Su,1,2022,03:47,0.7,10:12,4.2,16:11,0.6,22:28,4.0
3,Mo,1,2022,04:42,0.6,11:01,4.3,17:00,0.5,23:22,4.1
4,Tu,1,2022,05:34,0.5,11:48,4.4,17:48,0.5,,
5,We,1,2022,00:13,4.1,06:21,0.5,12:33,4.4,18:35,0.6
6,Th,1,2022,01:03,4.0,07:06,0.6,13:17,4.3,19:23,0.7
7,Fr,1,2022,01:51,3.9,07:50,0.7,14:01,4.2,20:11,0.9
8,Sa,1,2022,02:37,3.8,08:33,0.9,14:46,3.9,20:59,1.0
9,Su,1,2022,03:23,3.6,09:19,1.1,15:35,3.7,21:50,1.2
10,Mo,1,2022,04:11,3.4,10:11,1.3,16:28,3.5,22:43,1.3
11,Tu,1,2022,05:05,3.3,11:13,1.5,17:26,3.4,23:40,1.4
12,We,1,2022,06:08,3.2,12:25,1.5,18:27,3.3,,
13,Th,1,2022,00:41,1.5,07:21,3.2,13:32,1.5,19:26,3.3
14,Fr,1,2022,01:43,1.5,08:28,3.3,14:28,1.4,20:22,3.4
15,Sa,1,2022,02:42,1.4,09:23,3.5,15:15,1.3,21:13,3.4
16,Su,1,2022,03:34,1.3,10:07,3.6,15:57,1.1,22:00,3.5
17,Mo,1,2022,04:18,1.1,10:45,3.8,16:34,1.0,22:43,3.6
18,Tu,1,2022,04:57,1.0,11:20,3.9,17:10,0.9,23:24,3.7
19,We,1,2022,05:32,0.9,11:53,4.0,17:45,0.8,,
20,Th,1,2022,00:04,3.8,06:05,0.8,12:26,4.1,18:21,0.8
21,Fr,1,2022,00:42,3.9,06:38,0.8,12:59,4.1,18:58,0.8
22,Sa,1,2022,01:19,3.9,07:12,0.8,13:34,4.0,19:36,0.8
23,Su,1,2022,01:57,3.9,07:48,0.8,14:12,4.0,20:18,0.9
24,Mo,1,2022,02:36,3.8,08:27,0.9,14:54,3.8,21:04,1.0
25,Tu,1,2022,03:19,3.7,09:13,1.1,15:44,3.7,21:55,1.1
26,We,1,2022,04:09,3.6,10:09,1.2,16:43,3.6,22:53,1.2
27,Th,1,2022,05:10,3.4,11:23,1.4,17:51,3.5,,
28,Fr,1,2022,00:01,1.2,06:28,3.4,12:48,1.4,19:04,3.5
29,Sa,1,2022,01:18,1.2,07:52,3.5,14:05,1.2,20:16,3.6
30,Su,1,2022,02:34,1.1,09:04,3.7,15:08,1.0,21:22,3.7
31,Mo,1,2022,03:40,0.9,10:02,4.0,16:02,0.8,22:22,3.9
1,Tu,2,2022,04:36,0.7,10:51,4.3,16:51,0.6,23:16,4.0
2,We,2,2022,05:24,0.5,11:36,4.4,17:37,0.6,,
3,Th,2,2022,00:04,4.1,06:08,0.5,12:18,4.4,18:21,0.6
4,Fr,2,2022,00:48,4.1,06:48,0.5,12:58,4.4,19:02,0.6
5,Sa,2,2022,01:29,4.1,07:25,0.6,13:37,4.2,19:42,0.8
6,Su,2,2022,02:07,3.9,08:02,0.8,14:16,4.0,20:21,0.9
7,Mo,2,2022,02:45,3.8,08:40,1.0,14:57,3.8,21:00,1.1
8,Tu,2,2022,03:25,3.6,09:21,1.2,15:42,3.6,21:43,1.3
9,We,2,2022,04:08,3.3,10:14,1.5,16:33,3.3,22:32,1.5
10,Th,2,2022,05:03,3.1,11:26,1.6,17:31,3.2,23:33,1.6
11,Fr,2,2022,06:21,3.0,12:49,1.7,18:37,3.1,,
12,Sa,2,2022,00:50,1.7,07:53,3.1,13:58,1.6,19:45,3.1
13,Su,2,2022,02:11,1.6,09:01,3.3,14:51,1.4,20:48,3.3
14,Mo,2,2022,03:14,1.4,09:48,3.5,15:35,1.2,21:42,3.4
15,Tu,2,2022,04:01,1.2,10:25,3.7,16:14,1.0,22:27,3.6
16,We,2,2022,04:39,1.0,11:00,3.9,16:50,0.9,23:08,3.8
17,Th,2,2022,05:13,0.8,11:32,4.1,17:25,0.7,23:46,3.9
18,Fr,2,2022,05:45,0.7,12:05,4.2,18:00,0.6,,
19,Sa,2,2022,00:22,4.1,06:17,0.6,12:38,4.2,18:36,0.6
20,Su,2,2022,00:58,4.1,06:50,0.6,13:13,4.2,19:14,0.6
21,Mo,2,2022,01:34,4.1,07:25,0.6,13:50,4.1,19:54,0.7
22,Tu,2,2022,02:12,4.0,08:03,0.8,14:31,3.9,20:37,0.8
23,We,2,2022,02:53,3.8,08:47,1.0,15:19,3.7,21:25,1.0
24,Th,2,2022,03:40,3.6,09:42,1.2,16:17,3.5,22:23,1.2
25,Fr,2,2022,04:40,3.4,10:59,1.4,17:27,3.4,23:36,1.4
26,Sa,2,2022,06:03,3.3,12:36,1.5,18:47,3.3,,
27,Su,2,2022,01:04,1.4,07:40,3.4,13:58,1.3,20:08,3.4
28,Mo,2,2022,02:28,1.2,08:56,3.7,15:00,1.1,21:18,3.6
1,Tu,3,2022,03:33,1.0,09:52,4.0,15:52,0.8,22:16,3.8
2,We,3,2022,04:25,0.8,10:37,4.2,16:38,0.7,23:04,4.0
3,Th,3,2022,05:08,0.6,11:18,4.4,17:20,0.6,23:47,4.1
4,Fr,3,2022,05:47,0.5,11:56,4.4,17:59,0.6,,
5,Sa,3,2022,00:25,4.2,06:23,0.5,12:33,4.3,18:35,0.6
6,Su,3,2022,01:01,4.1,06:56,0.6,13:08,4.2,19:10,0.7
7,Mo,3,2022,01:35,4.0,07:28,0.7,13:44,4.0,19:43,0.9
8,Tu,3,2022,02:08,3.8,08:01,1.0,14:21,3.8,20:18,1.1
9,We,3,2022,02:42,3.6,08:38,1.2,15:01,3.6,20:55,1.3
10,Th,3,2022,03:20,3.4,09:24,1.5,15:48,3.3,21:39,1.5
11,Fr,3,2022,04:07,3.2,10:31,1.7,16:44,3.1,22:36,1.7
12,Sa,3,2022,05:19,3.0,12:05,1.8,17:54,3.0,23:56,1.8
13,Su,3,2022,07:07,3.0,13:24,1.7,19:10,3.0,,
14,Mo,3,2022,01:33,1.7,08:29,3.2,14:21,1.5,20:20,3.2
15,Tu,3,2022,02:44,1.5,09:18,3.4,15:06,1.2,21:17,3.4
16,We,3,2022,03:32,1.3,09:56,3.7,15:46,1.0,22:03,3.7
17,Th,3,2022,04:10,1.0,10:30,3.9,16:22,0.8,22:43,3.9
18,Fr,3,2022,04:45,0.8,11:04,4.1,16:59,0.6,23:21,4.1
19,Sa,3,2022,05:18,0.6,11:38,4.3,17:35,0.5,23:58,4.2
20,Su,3,2022,05:52,0.5,12:13,4.3,18:13,0.5,,
21,Mo,3,2022,00:34,4.3,06:26,0.5,12:50,4.3,18:52,0.5
22,Tu,3,2022,01:12,4.2,07:03,0.6,13:29,4.1,19:33,0.6
23,We,3,2022,01:50,4.1,07:43,0.7,14:13,3.9,20:17,0.8
24,Th,3,2022,02:33,3.9,08:29,1.0,15:03,3.7,21:07,1.0
25,Fr,3,2022,03:21,3.7,09:28,1.3,16:04,3.4,22:08,1.3
26,Sa,3,2022,04:25,3.4,10:55,1.5,17:18,3.3,23:27,1.5
27,Su,3,2022,05:53,3.3,12:33,1.5,18:42,3.3,,
28,Mo,3,2022,00:59,1.5,07:31,3.4,13:49,1.3,20:03,3.4
29,Tu,3,2022,02:18,1.3,08:41,3.6,14:46,1.1,21:08,3.6
30,We,3,2022,03:17,1.0,09:33,3.9,15:35,0.9,22:00,3.8
31,Th,3,2022,04:04,0.8,10:15,4.1,16:17,0.7,22:44,4.0
1,Fr,4,2022,04:45,0.6,10:53,4.2,16:56,0.6,23:23,4.1
2,Sa,4,2022,05:20,0.5,11:29,4.3,17:32,0.6,23:58,4.2
3,Su,4,2022,04:53,0.6,11:04,4.2,17:05,0.7,23:31,4.1
4,Mo,4,2022,05:25,0.6,11:38,4.1,17:37,0.8,,
5,Tu,4,2022,00:04,4.0,05:55,0.8,12:12,3.9,18:10,0.9
6,We,4,2022,00:35,3.9,06:27,1.0,12:48,3.7,18:43,1.1
7,Th,4,2022,01:08,3.7,07:03,1.2,13:27,3.5,19:20,1.2
8,Fr,4,2022,01:44,3.5,07:48,1.4,14:13,3.3,20:04,1.4
9,Sa,4,2022,02:27,3.2,08:51,1.6,15:09,3.1,20:58,1.6
10,Su,4,2022,03:31,3.0,10:20,1.7,16:17,3.0,22:12,1.7
11,Mo,4,2022,05:10,3.0,11:40,1.6,17:31,3.1,23:43,1.7
12,Tu,4,2022,06:37,3.2,12:39,1.4,18:41,3.2,,
13,We,4,2022,00:57,1.5,07:33,3.4,13:26,1.2,19:40,3.4
14,Th,4,2022,01:50,1.3,08:15,3.7,14:08,1.0,20:28,3.7
15,Fr,4,2022,02:32,1.0,08:53,3.9,14:48,0.7,21:11,4.0
16,Sa,4,2022,03:11,0.7,09:30,4.1,15:28,0.6,21:52,4.2
17,Su,4,2022,03:48,0.5,10:07,4.3,16:08,0.5,22:31,4.3
18,Mo,4,2022,04:25,0.4,10:46,4.3,16:49,0.4,23:11,4.4
19,Tu,4,2022,05:04,0.4,11:28,4.2,17:32,0.5,23:52,4.3
20,We,4,2022,05:45,0.6,12:12,4.1,18:17,0.6,,
21,Th,4,2022,00:34,4.2,06:29,0.8,13:01,3.9,19:05,0.8
22,Fr,4,2022,01:19,4.0,07:21,1.0,13:56,3.6,19:59,1.1
23,Sa,4,2022,02:12,3.7,08:28,1.3,15:00,3.4,21:03,1.3
24,Su,4,2022,03:18,3.5,09:57,1.4,16:14,3.3,22:21,1.4
25,Mo,4,2022,04:43,3.4,11:22,1.4,17:33,3.3,23:44,1.4
26,Tu,4,2022,06:09,3.5,12:28,1.2,18:46,3.4,,
27,We,4,2022,00:55,1.3,07:14,3.6,13:22,1.1,19:46,3.6
28,Th,4,2022,01:51,1.1,08:03,3.8,14:08,0.9,20:35,3.8
29,Fr,4,2022,02:37,0.9,08:45,4.0,14:49,0.8,21:17,3.9
30,Sa,4,2022,03:16,0.8,09:23,4.1,15:27,0.8,21:55,4.0
1,Su,5,2022,03:51,0.7,09:58,4.1,16:02,0.8,22:30,4.1
2,Mo,5,2022,04:24,0.7,10:33,4.0,16:36,0.8,23:03,4.1
3,Tu,5,2022,04:55,0.8,11:07,3.9,17:09,0.9,23:36,4.0
4,We,5,2022,05:27,0.9,11:43,3.8,17:42,1.0,,
5,Th,5,2022,00:08,3.9,06:00,1.0,12:21,3.6,18:18,1.1
6,Fr,5,2022,00:42,3.7,06:38,1.2,13:02,3.5,18:56,1.2
7,Sa,5,2022,01:18,3.5,07:24,1.4,13:49,3.3,19:40,1.4
8,Su,5,2022,02:02,3.4,08:23,1.5,14:43,3.2,20:31,1.5
9,Mo,5,2022,02:59,3.2,09:36,1.6,15:43,3.1,21:35,1.6
10,Tu,5,2022,04:16,3.1,10:47,1.5,16:49,3.2,22:50,1.6
11,We,5,2022,05:34,3.2,11:47,1.4,17:54,3.3,,
12,Th,5,2022,00:02,1.5,06:36,3.4,12:38,1.2,18:54,3.5
13,Fr,5,2022,01:02,1.3,07:26,3.7,13:25,1.0,19:48,3.7
14,Sa,5,2022,01:51,1.0,08:11,3.9,14:11,0.8,20:37,4.0
15,Su,5,2022,02:36,0.8,08:54,4.1,14:56,0.6,21:23,4.2
16,Mo,5,2022,03:19,0.6,09:37,4.2,15:42,0.5,22:07,4.3
17,Tu,5,2022,04:02,0.5,10:22,4.2,16:29,0.5,22:51,4.4
18,We,5,2022,04:46,0.5,11:10,4.1,17:18,0.5,23:35,4.3
19,Th,5,2022,05:32,0.6,12:00,4.0,18:07,0.6,,
20,Fr,5,2022,00:21,4.2,06:22,0.8,12:54,3.8,18:58,0.8
21,Sa,5,2022,01:10,4.0,07:19,1.0,13:52,3.7,19:53,1.0
22,Su,5,2022,02:05,3.8,08:27,1.2,14:54,3.5,20:55,1.2
23,Mo,5,2022,03:08,3.6,09:43,1.3,16:00,3.4,22:03,1.3
24,Tu,5,2022,04:21,3.5,10:54,1.3,17:08,3.4,23:16,1.4
25,We,5,2022,05:34,3.5,11:55,1.2,18:14,3.4,,
26,Th,5,2022,00:22,1.3,06:35,3.6,12:47,1.1,19:13,3.6
27,Fr,5,2022,01:18,1.2,07:25,3.7,13:34,1.1,20:04,3.7
28,Sa,5,2022,02:05,1.0,08:09,3.8,14:17,1.0,20:48,3.8
29,Su,5,2022,02:46,0.9,08:49,3.8,14:57,1.0,21:28,3.9
30,Mo,5,2022,03:22,0.9,09:27,3.8,15:35,0.9,22:05,4.0
31,Tu,5,2022,03:57,0.9,10:04,3.8,16:11,0.9,22:39,4.0
1,We,6,2022,04:30,0.9,10:42,3.8,16:47,1.0,23:13,3.9
2,Th,6,2022,05:04,0.9,11:20,3.7,17:23,1.0,23:47,3.9
3,Fr,6,2022,05:40,1.0,12:01,3.6,17:59,1.1,,
4,Sa,6,2022,00:22,3.8,06:20,1.1,12:43,3.5,18:38,1.1
5,Su,6,2022,00:59,3.7,07:04,1.2,13:28,3.4,19:19,1.2
6,Mo,6,2022,01:41,3.5,07:56,1.3,14:16,3.4,20:05,1.3
7,Tu,6,2022,02:30,3.4,08:53,1.4,15:08,3.3,20:58,1.4
8,We,6,2022,03:30,3.4,09:53,1.3,16:03,3.3,22:00,1.5
9,Th,6,2022,04:36,3.4,10:51,1.3,17:04,3.4,23:09,1.4
10,Fr,6,2022,05:39,3.5,11:47,1.1,18:06,3.5,,
11,Sa,6,2022,00:15,1.3,06:37,3.6,12:41,1.0,19:08,3.7
12,Su,6,2022,01:14,1.0,07:30,3.8,13:35,0.8,20:05,3.9
13,Mo,6,2022,02:06,0.8,08:21,3.9,14:29,0.7,20:58,4.1
14,Tu,6,2022,02:56,0.7,09:13,4.0,15:23,0.6,21:47,4.3
15,We,6,2022,03:44,0.6,10:04,4.1,16:16,0.6,22:35,4.4
16,Th,6,2022,04:33,0.5,10:57,4.1,17:07,0.6,23:22,4.4
17,Fr,6,2022,05:22,0.6,11:51,4.0,17:58,0.6,,
18,Sa,6,2022,00:10,4.3,06:14,0.7,12:45,3.9,18:48,0.7
19,Su,6,2022,00:58,4.1,07:10,0.9,13:40,3.8,19:39,0.9
20,Mo,6,2022,01:50,3.9,08:09,1.0,14:34,3.6,20:33,1.1
21,Tu,6,2022,02:46,3.8,09:11,1.1,15:30,3.5,21:32,1.2
22,We,6,2022,03:47,3.6,10:12,1.2,16:29,3.4,22:37,1.3
23,Th,6,2022,04:49,3.5,11:09,1.3,17:31,3.4,23:43,1.4
24,Fr,6,2022,05:49,3.5,12:04,1.3,18:33,3.4,,
25,Sa,6,2022,00:42,1.3,06:43,3.5,12:55,1.3,19:31,3.5
26,Su,6,2022,01:33,1.2,07:31,3.5,13:44,1.2,20:21,3.6
27,Mo,6,2022,02:18,1.1,08:17,3.6,14:31,1.2,21:05,3.7
28,Tu,6,2022,02:58,1.0,09:00,3.6,15:14,1.1,21:44,3.8
29,We,6,2022,03:35,1.0,09:42,3.6,15:54,1.0,22:20,3.9
30,Th,6,2022,04:11,0.9,10:23,3.7,16:31,1.0,22:55,3.9
1,Fr,7,2022,04:47,0.9,11:04,3.7,17:07,1.0,23:29,3.9
2,Sa,7,2022,05:23,1.0,11:44,3.7,17:42,1.0,,
3,Su,7,2022,00:04,3.9,06:01,1.0,12:25,3.6,18:18,1.0
4,Mo,7,2022,00:39,3.8,06:42,1.0,13:05,3.6,18:55,1.1
5,Tu,7,2022,01:17,3.7,07:26,1.1,13:46,3.6,19:35,1.1
6,We,7,2022,02:00,3.6,08:13,1.1,14:30,3.5,20:21,1.2
7,Th,7,2022,02:50,3.6,09:05,1.2,15:19,3.5,21:16,1.3
8,Fr,7,2022,03:48,3.5,10:00,1.2,16:16,3.4,22:22,1.4
9,Sa,7,2022,04:51,3.5,11:00,1.2,17:22,3.5,23:35,1.3
10,Su,7,2022,05:55,3.6,12:03,1.1,18:33,3.6,,
11,Mo,7,2022,00:45,1.1,06:57,3.7,13:08,1.0,19:41,3.8
12,Tu,7,2022,01:46,1.0,07:58,3.8,14:12,0.9,20:41,4.0
13,We,7,2022,02:41,0.8,08:57,3.9,15:11,0.7,21:34,4.2
14,Th,7,2022,03:32,0.6,09:54,4.0,16:06,0.6,22:23,4.4
15,Fr,7,2022,04:22,0.5,10:48,4.1,16:57,0.5,23:09,4.4
16,Sa,7,2022,05:11,0.5,11:40,4.1,17:44,0.5,23:55,4.4
17,Su,7,2022,06:00,0.6,12:30,4.0,18:29,0.6,,
18,Mo,7,2022,00:40,4.3,06:49,0.7,13:17,3.9,19:14,0.8
19,Tu,7,2022,01:26,4.1,07:38,0.9,14:03,3.8,20:00,1.0
20,We,7,2022,02:15,3.9,08:28,1.1,14:51,3.6,20:50,1.2
21,Th,7,2022,03:06,3.6,09:19,1.2,15:41,3.4,21:49,1.4
22,Fr,7,2022,04:01,3.5,10:13,1.4,16:40,3.3,22:58,1.5
23,Sa,7,2022,05:00,3.4,11:11,1.4,17:48,3.2,,
24,Su,7,2022,00:06,1.5,05:59,3.3,12:13,1.5,18:59,3.3
25,Mo,7,2022,01:06,1.4,06:56,3.3,13:15,1.4,19:59,3.4
26,Tu,7,2022,01:55,1.3,07:50,3.4,14:12,1.3,20:47,3.6
27,We,7,2022,02:38,1.2,08:40,3.5,14:59,1.2,21:27,3.8
28,Th,7,2022,03:17,1.0,09:26,3.6,15:40,1.1,22:03,3.9
29,Fr,7,2022,03:54,0.9,10:08,3.7,16:16,1.0,22:37,4.0
30,Sa,7,2022,04:29,0.9,10:48,3.8,16:49,0.9,23:09,4.0
31,Su,7,2022,05:04,0.8,11:26,3.8,17:21,0.8,23:42,4.0
1,Mo,8,2022,05:39,0.8,12:02,3.8,17:54,0.8,,
2,Tu,8,2022,00:15,4.0,06:16,0.8,12:38,3.8,18:27,0.9
3,We,8,2022,00:51,3.9,06:55,0.9,13:15,3.8,19:04,0.9
4,Th,8,2022,01:30,3.8,07:37,0.9,13:55,3.7,19:46,1.1
5,Fr,8,2022,02:15,3.7,08:24,1.0,14:40,3.6,20:37,1.2
6,Sa,8,2022,03:10,3.5,09:18,1.1,15:35,3.5,21:44,1.4
7,Su,8,2022,04:14,3.5,10:22,1.2,16:45,3.4,23:08,1.4
8,Mo,8,2022,05:25,3.4,11:35,1.3,18:09,3.5,,
9,Tu,8,2022,00:29,1.3,06:38,3.5,12:53,1.2,19:27,3.7
10,We,8,2022,01:36,1.0,07:47,3.6,14:04,1.0,20:30,3.9
11,Th,8,2022,02:32,0.8,08:50,3.8,15:04,0.8,21:23,4.2
12,Fr,8,2022,03:23,0.6,09:46,4.0,15:55,0.6,22:09,4.4
13,Sa,8,2022,04:10,0.5,10:37,4.1,16:41,0.4,22:53,4.5
14,Su,8,2022,04:55,0.5,11:23,4.2,17:23,0.4,23:34,4.5
15,Mo,8,2022,05:38,0.5,12:06,4.2,18:03,0.5,,
16,Tu,8,2022,00:15,4.3,06:20,0.6,12:47,4.1,18:42,0.7
17,We,8,2022,00:56,4.1,07:01,0.8,13:27,3.9,19:21,0.9
18,Th,8,2022,01:38,3.9,07:42,1.0,14:07,3.7,20:04,1.2
19,Fr,8,2022,02:23,3.6,08:25,1.2,14:51,3.4,20:57,1.4
20,Sa,8,2022,03:14,3.4,09:14,1.4,15:44,3.2,22:08,1.6
21,Su,8,2022,04:12,3.2,10:13,1.6,16:57,3.1,23:31,1.7
22,Mo,8,2022,05:18,3.1,11:30,1.7,18:28,3.1,,
23,Tu,8,2022,00:41,1.6,06:26,3.1,12:50,1.6,19:39,3.3
24,We,8,2022,01:34,1.4,07:30,3.2,13:54,1.5,20:28,3.5
25,Th,8,2022,02:18,1.2,08:24,3.4,14:42,1.3,21:07,3.7
26,Fr,8,2022,02:57,1.0,09:10,3.6,15:21,1.1,21:41,3.9
27,Sa,8,2022,03:32,0.9,09:50,3.8,15:54,0.9,22:13,4.1
28,Su,8,2022,04:06,0.7,10:27,3.9,16:25,0.7,22:45,4.2
29,Mo,8,2022,04:40,0.6,11:02,4.0,16:56,0.7,23:16,4.2
30,Tu,8,2022,05:14,0.6,11:37,4.1,17:27,0.6,23:49,4.2
31,We,8,2022,05:49,0.6,12:11,4.1,18:00,0.7,,
1,Th,9,2022,00:24,4.1,06:27,0.7,12:47,4.0,18:36,0.8
2,Fr,9,2022,01:02,3.9,07:08,0.8,13:25,3.9,19:17,1.0
3,Sa,9,2022,01:47,3.7,07:54,1.0,14:10,3.7,20:08,1.2
4,Su,9,2022,02:42,3.5,08:48,1.2,15:05,3.5,21:19,1.4
5,Mo,9,2022,03:51,3.3,09:57,1.4,16:22,3.3,22:57,1.5
6,Tu,9,2022,05:11,3.3,11:23,1.4,17:58,3.4,,
7,We,9,2022,00:24,1.3,06:32,3.4,12:50,1.3,19:20,3.6
8,Th,9,2022,01:29,1.1,07:44,3.6,13:59,1.0,20:20,3.9
9,Fr,9,2022,02:22,0.8,08:44,3.8,14:53,0.7,21:08,4.2
10,Sa,9,2022,03:09,0.6,09:35,4.1,15:39,0.5,21:51,4.4
11,Su,9,2022,03:53,0.5,10:20,4.2,16:20,0.4,22:31,4.5
12,Mo,9,2022,04:33,0.4,11:00,4.3,16:58,0.4,23:09,4.5
13,Tu,9,2022,05:12,0.5,11:38,4.3,17:34,0.5,23:46,4.3
14,We,9,2022,05:48,0.6,12:15,4.1,18:08,0.7,,
15,Th,9,2022,00:23,4.1,06:24,0.8,12:50,3.9,18:43,0.9
16,Fr,9,2022,01:01,3.8,07:00,1.0,13:25,3.7,19:21,1.2
17,Sa,9,2022,01:42,3.6,07:38,1.2,14:04,3.5,20:07,1.4
18,Su,9,2022,02:30,3.3,08:23,1.4,14:52,3.2,21:17,1.7
19,Mo,9,2022,03:29,3.1,09:21,1.6,16:04,3.0,22:54,1.7
20,Tu,9,2022,04:40,3.0,10:43,1.8,17:49,3.0,,
21,We,9,2022,00:12,1.6,05:57,3.0,12:19,1.7,19:11,3.2
22,Th,9,2022,01:07,1.4,07:06,3.2,13:27,1.5,20:00,3.5
23,Fr,9,2022,01:51,1.2,08:01,3.4,14:15,1.3,20:38,3.7
24,Sa,9,2022,02:29,1.0,08:45,3.6,14:52,1.0,21:11,3.9
25,Su,9,2022,04:04,0.8,10:24,3.9,16:25,0.8,22:43,4.1
26,Mo,9,2022,04:38,0.6,11:00,4.1,16:57,0.6,23:15,4.2
27,Tu,9,2022,05:13,0.5,11:36,4.2,17:28,0.5,23:48,4.3
28,We,9,2022,05:48,0.5,12:11,4.3,18:01,0.5,,
29,Th,9,2022,00:23,4.2,06:25,0.5,12:46,4.2,18:36,0.6
30,Fr,9,2022,01:00,4.1,07:04,0.6,13:24,4.1,19:14,0.7
1,Sa,10,2022,01:41,3.9,07:46,0.8,14:04,4.0,19:57,1.0
2,Su,10,2022,02:30,3.7,08:34,1.0,14:50,3.7,20:52,1.2
3,Mo,10,2022,03:29,3.4,09:32,1.2,15:49,3.5,22:12,1.5
4,Tu,10,2022,04:42,3.3,10:47,1.4,17:12,3.3,23:55,1.5
5,We,10,2022,06:06,3.2,12:19,1.5,18:50,3.4,,
6,Th,10,2022,01:17,1.3,07:29,3.4,13:42,1.3,20:07,3.6
7,Fr,10,2022,02:17,1.0,08:37,3.6,14:45,1.0,21:02,3.9
8,Sa,10,2022,03:07,0.8,09:31,3.9,15:35,0.8,21:47,4.2
9,Su,10,2022,03:51,0.6,10:17,4.1,16:18,0.6,22:27,4.3
10,Mo,10,2022,04:31,0.5,10:58,4.2,16:56,0.5,23:05,4.4
11,Tu,10,2022,05:09,0.5,11:35,4.3,17:31,0.5,23:41,4.3
12,We,10,2022,05:44,0.5,12:11,4.3,18:04,0.5,,
13,Th,10,2022,00:16,4.2,06:18,0.6,12:44,4.1,18:37,0.7
14,Fr,10,2022,00:52,4.0,06:52,0.8,13:18,4.0,19:10,0.9
15,Sa,10,2022,01:28,3.8,07:26,1.0,13:51,3.8,19:46,1.2
16,Su,10,2022,02:08,3.5,08:03,1.2,14:28,3.5,20:30,1.4
17,Mo,10,2022,02:55,3.3,08:47,1.4,15:12,3.3,21:34,1.6
18,Tu,10,2022,03:53,3.1,09:41,1.6,16:17,3.1,23:06,1.7
19,We,10,2022,05:02,3.0,10:56,1.7,17:53,3.0,,
20,Th,10,2022,00:28,1.6,06:18,3.0,12:29,1.7,19:21,3.2
21,Fr,10,2022,01:27,1.4,07:28,3.2,13:43,1.5,20:16,3.4
22,Sa,10,2022,02:13,1.2,08:25,3.4,14:35,1.3,20:58,3.7
23,Su,10,2022,02:53,1.0,09:12,3.7,15:15,1.0,21:34,3.9
24,Mo,10,2022,03:31,0.8,09:53,3.9,15:52,0.8,22:09,4.1
25,Tu,10,2022,04:08,0.6,10:32,4.1,16:27,0.6,22:45,4.2
26,We,10,2022,04:46,0.5,11:10,4.3,17:02,0.5,23:21,4.3
27,Th,10,2022,05:25,0.4,11:48,4.3,17:39,0.5,,
28,Fr,10,2022,00:00,4.2,06:05,0.5,12:26,4.3,18:18,0.5
29,Sa,10,2022,00:42,4.1,06:49,0.6,13:07,4.2,19:00,0.7
30,Su,10,2022,01:29,3.9,07:35,0.8,13:51,4.0,19:49,0.9
31,Mo,10,2022,02:22,3.7,08:26,1.0,14:41,3.8,20:50,1.2
1,Tu,11,2022,03:24,3.5,09:27,1.2,15:43,3.6,22:12,1.4
2,We,11,2022,04:37,3.3,10:41,1.4,17:02,3.4,23:43,1.4
3,Th,11,2022,05:56,3.3,12:05,1.4,18:30,3.5,,
4,Fr,11,2022,00:56,1.2,07:12,3.4,13:21,1.3,19:41,3.7
5,Sa,11,2022,01:54,1.1,08:16,3.6,14:22,1.1,20:35,3.9
6,Su,11,2022,02:43,0.9,09:09,3.8,15:11,0.9,21:20,4.0
7,Mo,11,2022,03:27,0.7,09:54,4.0,15:53,0.7,22:00,4.1
8,Tu,11,2022,04:07,0.7,10:34,4.1,16:31,0.6,22:37,4.2
9,We,11,2022,04:44,0.7,11:11,4.2,17:06,0.6,23:14,4.1
10,Th,11,2022,05:20,0.7,11:46,4.2,17:39,0.7,23:49,4.0
11,Fr,11,2022,05:54,0.8,12:20,4.1,18:11,0.8,,
12,Sa,11,2022,00:25,3.9,06:28,0.9,12:53,4.0,18:45,0.9
13,Su,11,2022,01:03,3.7,07:03,1.0,13:27,3.8,19:22,1.1
14,Mo,11,2022,01:44,3.5,07:40,1.1,14:03,3.6,20:06,1.3
15,Tu,11,2022,02:30,3.3,08:22,1.3,14:46,3.4,21:02,1.5
16,We,11,2022,03:23,3.2,09:11,1.5,15:40,3.3,22:13,1.6
17,Th,11,2022,04:22,3.1,10:12,1.6,16:53,3.2,23:27,1.6
18,Fr,11,2022,05:28,3.1,11:26,1.6,18:12,3.2,,
19,Sa,11,2022,00:29,1.4,06:35,3.2,12:42,1.6,19:17,3.4
20,Su,11,2022,01:21,1.3,07:37,3.4,13:44,1.4,20:07,3.6
21,Mo,11,2022,02:08,1.1,08:31,3.6,14:34,1.1,20:51,3.8
22,Tu,11,2022,02:53,0.9,09:19,3.8,15:18,0.9,21:33,4.0
23,We,11,2022,03:37,0.7,10:04,4.1,15:59,0.7,22:15,4.1
24,Th,11,2022,04:22,0.6,10:47,4.3,16:41,0.5,22:59,4.2
25,Fr,11,2022,05:07,0.5,11:29,4.4,17:23,0.5,23:44,4.2
26,Sa,11,2022,05:53,0.5,12:12,4.4,18:07,0.5,,
27,Su,11,2022,00:32,4.1,06:41,0.6,12:56,4.3,18:54,0.7
28,Mo,11,2022,01:24,3.9,07:30,0.7,13:43,4.2,19:47,0.9
29,Tu,11,2022,02:19,3.7,08:21,0.9,14:34,3.9,20:48,1.1
30,We,11,2022,03:18,3.6,09:18,1.1,15:33,3.7,21:59,1.2
1,Th,12,2022,04:22,3.5,10:23,1.2,16:42,3.6,23:13,1.3
2,Fr,12,2022,05:30,3.4,11:36,1.3,17:55,3.5,,
3,Sa,12,2022,00:21,1.2,06:39,3.4,12:48,1.3,19:02,3.6
4,Su,12,2022,01:19,1.2,07:44,3.5,13:51,1.2,19:59,3.7
5,Mo,12,2022,02:12,1.1,08:42,3.7,14:44,1.1,20:47,3.8
6,Tu,12,2022,03:00,1.0,09:30,3.8,15:28,0.9,21:31,3.8
7,We,12,2022,03:43,0.9,10:13,3.9,16:08,0.9,22:11,3.9
8,Th,12,2022,04:24,0.9,10:51,4.0,16:44,0.8,22:50,3.9
9,Fr,12,2022,05:02,0.9,11:27,4.0,17:19,0.8,23:29,3.8
10,Sa,12,2022,05:38,0.9,12:02,4.0,17:53,0.9,,
11,Su,12,2022,00:07,3.7,06:13,0.9,12:35,4.0,18:29,1.0
12,Mo,12,2022,00:47,3.7,06:48,1.0,13:10,3.9,19:06,1.1
13,Tu,12,2022,01:27,3.6,07:23,1.0,13:45,3.8,19:47,1.2
14,We,12,2022,02:09,3.5,08:01,1.2,14:24,3.6,20:34,1.3
15,Th,12,2022,02:54,3.4,08:43,1.3,15:08,3.5,21:26,1.3
16,Fr,12,2022,03:42,3.3,09:30,1.4,16:02,3.4,22:23,1.4
17,Sa,12,2022,04:34,3.3,10:27,1.5,17:05,3.3,23:22,1.4
18,Su,12,2022,05:33,3.3,11:35,1.5,18:10,3.4,,
19,Mo,12,2022,00:20,1.3,06:39,3.3,12:47,1.4,19:11,3.5
20,Tu,12,2022,01:18,1.2,07:45,3.5,13:51,1.3,20:07,3.6
21,We,12,2022,02:14,1.0,08:45,3.7,14:47,1.0,21:00,3.8
22,Th,12,2022,03:10,0.9,09:39,3.9,15:37,0.8,21:51,3.9
23,Fr,12,2022,04:04,0.7,10:29,4.2,16:25,0.6,22:43,4.0
24,Sa,12,2022,04:56,0.6,11:16,4.3,17:12,0.5,23:35,4.1
25,Su,12,2022,05:46,0.5,12:02,4.4,18:00,0.5,,
26,Mo,12,2022,00:27,4.1,06:34,0.5,12:47,4.4,18:49,0.6
27,Tu,12,2022,01:18,4.0,07:22,0.6,13:34,4.3,19:41,0.7
28,We,12,2022,02:10,3.9,08:10,0.7,14:22,4.1,20:35,0.9
29,Th,12,2022,03:02,3.8,09:00,0.9,15:14,3.9,21:32,1.0
30,Fr,12,2022,03:55,3.6,09:54,1.1,16:11,3.7,22:32,1.2
31,Sa,12,2022,04:51,3.5,10:57,1.3,17:13,3.6,23:33,1.3
