233,Rocky Point,37°06'S,175°31'E                                          
Based on constituent set with reference date:,01-Jan-2009
Local Std or Daylight Time,Tidal heights in metres.
1,Sa,1,2022,06:18,3.6,12:23,0.8,18:28,3.6,,
2,Su,1,2022,00:53,0.6,07:18,3.7,13:20,0.7,19:30,3.7
3,Mo,1,2022,01:50,0.5,08:14,3.9,14:16,0.6,20:30,3.8
4,Tu,1,2022,02:43,0.4,09:08,4.0,15:10,0.6,21:27,3.8
5,We,1,2022,03:34,0.4,09:59,4.0,16:03,0.6,22:20,3.8
6,Th,1,2022,04:23,0.4,10:50,4.0,16:56,0.6,23:11,3.8
7,Fr,1,2022,05:12,0.5,11:41,3.9,17:47,0.7,,
8,Sa,1,2022,00:01,3.7,06:00,0.7,12:31,3.8,18:37,0.8
9,Su,1,2022,00:50,3.5,06:51,0.9,13:22,3.7,19:27,0.9
10,Mo,1,2022,01:39,3.4,07:44,1.0,14:13,3.5,20:18,1.0
11,Tu,1,2022,02:31,3.3,08:41,1.2,15:04,3.4,21:10,1.1
12,We,1,2022,03:28,3.2,09:42,1.3,15:56,3.3,22:05,1.1
13,Th,1,2022,04:28,3.1,10:42,1.3,16:49,3.2,23:02,1.2
14,Fr,1,2022,05:29,3.1,11:37,1.3,17:42,3.2,23:57,1.1
15,Sa,1,2022,06:25,3.2,12:27,1.3,18:35,3.2,,
16,Su,1,2022,00:48,1.1,07:14,3.3,13:13,1.3,19:26,3.2
17,Mo,1,2022,01:34,1.0,07:57,3.3,13:57,1.2,20:13,3.2
18,Tu,1,2022,02:16,0.9,08:38,3.4,14:38,1.1,20:57,3.3
19,We,1,2022,02:55,0.9,09:16,3.5,15:19,1.1,21:37,3.4
20,Th,1,2022,03:33,0.8,09:53,3.5,15:58,1.0,22:16,3.4
21,Fr,1,2022,04:11,0.8,10:31,3.6,16:38,1.0,22:54,3.5
22,Sa,1,2022,04:49,0.8,11:09,3.6,17:19,0.9,23:32,3.5
23,Su,1,2022,05:29,0.8,11:50,3.6,18:00,0.9,,
24,Mo,1,2022,00:13,3.5,06:12,0.8,12:33,3.6,18:44,0.9
25,Tu,1,2022,00:56,3.5,06:59,0.9,13:19,3.6,19:30,0.9
26,We,1,2022,01:45,3.4,07:51,1.0,14:08,3.5,20:21,0.9
27,Th,1,2022,02:39,3.4,08:50,1.0,15:01,3.5,21:19,0.9
28,Fr,1,2022,03:42,3.4,09:53,1.1,15:59,3.5,22:22,0.9
29,Sa,1,2022,04:50,3.4,10:59,1.0,17:02,3.5,23:30,0.8
30,Su,1,2022,05:59,3.5,12:03,0.9,18:09,3.5,,
31,Mo,1,2022,00:35,0.7,07:02,3.7,13:04,0.8,19:16,3.6
1,Tu,2,2022,01:34,0.6,07:59,3.8,14:01,0.7,20:17,3.7
2,We,2,2022,02:28,0.5,08:52,3.9,14:55,0.6,21:13,3.7
3,Th,2,2022,03:18,0.5,09:42,4.0,15:46,0.6,22:04,3.8
4,Fr,2,2022,04:05,0.5,10:31,3.9,16:35,0.6,22:51,3.8
5,Sa,2,2022,04:51,0.6,11:18,3.9,17:22,0.6,23:37,3.7
6,Su,2,2022,05:36,0.7,12:04,3.8,18:07,0.7,,
7,Mo,2,2022,00:21,3.6,06:21,0.9,12:50,3.6,18:52,0.8
8,Tu,2,2022,01:05,3.4,07:09,1.0,13:36,3.5,19:38,1.0
9,We,2,2022,01:52,3.3,08:00,1.2,14:23,3.3,20:26,1.1
10,Th,2,2022,02:44,3.2,08:56,1.3,15:12,3.2,21:18,1.2
11,Fr,2,2022,03:42,3.1,09:57,1.4,16:05,3.1,22:17,1.3
12,Sa,2,2022,04:45,3.1,10:57,1.4,17:02,3.1,23:18,1.3
13,Su,2,2022,05:46,3.1,11:52,1.4,18:00,3.1,,
14,Mo,2,2022,00:16,1.2,06:40,3.2,12:43,1.3,18:56,3.1
15,Tu,2,2022,01:05,1.1,07:26,3.3,13:29,1.2,19:46,3.2
16,We,2,2022,01:49,1.0,08:08,3.4,14:12,1.1,20:31,3.3
17,Th,2,2022,02:29,0.9,08:47,3.5,14:53,1.0,21:12,3.4
18,Fr,2,2022,03:08,0.8,09:25,3.6,15:33,0.9,21:51,3.5
19,Sa,2,2022,03:46,0.7,10:04,3.7,16:13,0.8,22:29,3.6
20,Su,2,2022,04:26,0.7,10:44,3.7,16:54,0.8,23:09,3.6
21,Mo,2,2022,05:07,0.7,11:26,3.7,17:36,0.7,23:50,3.6
22,Tu,2,2022,05:50,0.7,12:10,3.7,18:19,0.7,,
23,We,2,2022,00:35,3.6,06:38,0.8,12:56,3.6,19:06,0.8
24,Th,2,2022,01:24,3.5,07:31,0.9,13:46,3.6,19:57,0.9
25,Fr,2,2022,02:20,3.4,08:30,1.0,14:41,3.5,20:56,0.9
26,Sa,2,2022,03:23,3.4,09:35,1.1,15:40,3.4,22:02,1.0
27,Su,2,2022,04:34,3.4,10:42,1.1,16:47,3.4,23:14,1.0
28,Mo,2,2022,05:43,3.5,11:48,1.0,17:58,3.4,,
1,Tu,3,2022,00:22,0.9,06:46,3.6,12:50,0.9,19:05,3.5
2,We,3,2022,01:21,0.7,07:42,3.7,13:46,0.8,20:05,3.6
3,Th,3,2022,02:12,0.6,08:33,3.8,14:37,0.7,20:57,3.7
4,Fr,3,2022,02:59,0.6,09:21,3.9,15:25,0.6,21:44,3.8
5,Sa,3,2022,03:44,0.6,10:07,3.8,16:11,0.6,22:28,3.8
6,Su,3,2022,04:26,0.6,10:51,3.8,16:53,0.7,23:09,3.7
7,Mo,3,2022,05:08,0.8,11:34,3.7,17:35,0.7,23:50,3.6
8,Tu,3,2022,05:51,0.9,12:17,3.5,18:16,0.8,,
9,We,3,2022,00:31,3.5,06:35,1.1,13:00,3.4,18:59,1.0
10,Th,3,2022,01:15,3.3,07:22,1.2,13:44,3.3,19:43,1.1
11,Fr,3,2022,02:03,3.2,08:15,1.3,14:31,3.2,20:34,1.2
12,Sa,3,2022,02:58,3.1,09:13,1.4,15:23,3.1,21:31,1.3
13,Su,3,2022,03:59,3.0,10:14,1.5,16:20,3.0,22:36,1.3
14,Mo,3,2022,05:02,3.1,11:12,1.4,17:21,3.0,23:37,1.3
15,Tu,3,2022,05:58,3.1,12:06,1.3,18:20,3.1,,
16,We,3,2022,00:31,1.2,06:47,3.3,12:54,1.2,19:13,3.2
17,Th,3,2022,01:17,1.0,07:31,3.4,13:39,1.1,19:59,3.4
18,Fr,3,2022,01:59,0.9,08:12,3.5,14:22,0.9,20:42,3.5
19,Sa,3,2022,02:39,0.7,08:53,3.6,15:04,0.8,21:23,3.6
20,Su,3,2022,03:20,0.6,09:35,3.7,15:46,0.7,22:04,3.7
21,Mo,3,2022,04:01,0.6,10:18,3.8,16:28,0.6,22:46,3.8
22,Tu,3,2022,04:45,0.6,11:03,3.8,17:12,0.6,23:30,3.8
23,We,3,2022,05:31,0.7,11:49,3.7,17:58,0.6,,
24,Th,3,2022,00:17,3.7,06:21,0.8,12:38,3.6,18:46,0.7
25,Fr,3,2022,01:08,3.6,07:16,0.9,13:30,3.5,19:39,0.8
26,Sa,3,2022,02:06,3.5,08:17,1.0,14:27,3.4,20:39,1.0
27,Su,3,2022,03:11,3.4,09:22,1.1,15:29,3.3,21:49,1.0
28,Mo,3,2022,04:21,3.4,10:30,1.1,16:37,3.3,23:02,1.0
29,Tu,3,2022,05:28,3.5,11:35,1.0,17:48,3.3,,
30,We,3,2022,00:09,1.0,06:28,3.6,12:34,0.9,18:53,3.4
31,Th,3,2022,01:05,0.8,07:22,3.6,13:27,0.8,19:48,3.6
1,Fr,4,2022,01:53,0.8,08:10,3.7,14:16,0.7,20:37,3.6
2,Sa,4,2022,02:38,0.7,08:56,3.7,15:01,0.7,21:21,3.7
3,Su,4,2022,02:20,0.7,08:40,3.7,14:43,0.7,21:01,3.7
4,Mo,4,2022,03:00,0.8,09:22,3.6,15:23,0.7,21:41,3.7
5,Tu,4,2022,03:40,0.9,10:04,3.6,16:03,0.8,22:20,3.6
6,We,4,2022,04:21,1.0,10:45,3.4,16:42,0.9,22:59,3.5
7,Th,4,2022,05:04,1.1,11:26,3.3,17:23,1.0,23:41,3.3
8,Fr,4,2022,05:49,1.2,12:09,3.2,18:06,1.1,,
9,Sa,4,2022,00:27,3.2,06:39,1.3,12:55,3.1,18:53,1.2
10,Su,4,2022,01:18,3.1,07:33,1.4,13:44,3.0,19:48,1.3
11,Mo,4,2022,02:15,3.1,08:31,1.4,14:38,3.0,20:50,1.3
12,Tu,4,2022,03:14,3.1,09:28,1.4,15:38,3.0,21:54,1.3
13,We,4,2022,04:10,3.2,10:23,1.3,16:38,3.1,22:50,1.2
14,Th,4,2022,05:00,3.3,11:13,1.1,17:33,3.3,23:39,1.0
15,Fr,4,2022,05:47,3.4,12:01,1.0,18:22,3.4,,
16,Sa,4,2022,00:24,0.9,06:33,3.6,12:47,0.8,19:09,3.6
17,Su,4,2022,01:08,0.7,07:18,3.7,13:33,0.7,19:53,3.7
18,Mo,4,2022,01:53,0.6,08:05,3.8,14:18,0.6,20:38,3.8
19,Tu,4,2022,02:38,0.6,08:53,3.8,15:04,0.5,21:24,3.9
20,We,4,2022,03:25,0.6,09:42,3.8,15:51,0.5,22:11,3.9
21,Th,4,2022,04:15,0.7,10:32,3.7,16:39,0.6,23:02,3.8
22,Fr,4,2022,05:08,0.8,11:24,3.6,17:29,0.7,23:56,3.7
23,Sa,4,2022,06:05,0.9,12:19,3.5,18:24,0.8,,
24,Su,4,2022,00:56,3.6,07:06,1.0,13:17,3.4,19:26,1.0
25,Mo,4,2022,02:00,3.5,08:11,1.0,14:19,3.3,20:36,1.1
26,Tu,4,2022,03:06,3.5,09:16,1.0,15:27,3.3,21:48,1.1
27,We,4,2022,04:09,3.5,10:17,1.0,16:34,3.3,22:51,1.0
28,Th,4,2022,05:05,3.5,11:13,0.9,17:35,3.4,23:44,0.9
29,Fr,4,2022,05:56,3.6,12:04,0.8,18:27,3.5,,
30,Sa,4,2022,00:31,0.9,06:44,3.6,12:50,0.8,19:13,3.6
1,Su,5,2022,01:13,0.9,07:28,3.6,13:33,0.8,19:55,3.6
2,Mo,5,2022,01:54,0.9,08:12,3.5,14:14,0.8,20:35,3.6
3,Tu,5,2022,02:33,0.9,08:54,3.5,14:54,0.8,21:13,3.6
4,We,5,2022,03:13,1.0,09:35,3.4,15:32,0.8,21:51,3.5
5,Th,5,2022,03:54,1.1,10:16,3.4,16:11,0.9,22:30,3.4
6,Fr,5,2022,04:36,1.1,10:57,3.3,16:51,1.0,23:11,3.4
7,Sa,5,2022,05:20,1.2,11:39,3.2,17:33,1.1,23:55,3.3
8,Su,5,2022,06:07,1.3,12:22,3.1,18:18,1.2,,
9,Mo,5,2022,00:44,3.2,06:57,1.3,13:09,3.1,19:10,1.3
10,Tu,5,2022,01:35,3.2,07:50,1.3,13:59,3.1,20:07,1.3
11,We,5,2022,02:28,3.2,08:43,1.3,14:54,3.1,21:08,1.3
12,Th,5,2022,03:21,3.3,09:37,1.2,15:53,3.2,22:06,1.2
13,Fr,5,2022,04:12,3.4,10:31,1.1,16:50,3.3,22:59,1.0
14,Sa,5,2022,05:03,3.5,11:23,0.9,17:45,3.5,23:50,0.9
15,Su,5,2022,05:54,3.6,12:14,0.7,18:36,3.7,,
16,Mo,5,2022,00:38,0.7,06:45,3.7,13:04,0.6,19:26,3.8
17,Tu,5,2022,01:27,0.6,07:37,3.8,13:53,0.5,20:15,3.9
18,We,5,2022,02:16,0.6,08:30,3.8,14:42,0.4,21:04,4.0
19,Th,5,2022,03:07,0.6,09:24,3.8,15:32,0.4,21:55,3.9
20,Fr,5,2022,04:00,0.6,10:17,3.7,16:22,0.5,22:48,3.9
21,Sa,5,2022,04:56,0.7,11:12,3.6,17:14,0.7,23:44,3.8
22,Su,5,2022,05:53,0.8,12:07,3.5,18:10,0.8,,
23,Mo,5,2022,00:43,3.6,06:53,0.9,13:04,3.4,19:11,1.0
24,Tu,5,2022,01:44,3.6,07:54,0.9,14:05,3.3,20:19,1.1
25,We,5,2022,02:45,3.5,08:55,1.0,15:09,3.3,21:27,1.1
26,Th,5,2022,03:42,3.5,09:53,1.0,16:12,3.3,22:27,1.1
27,Fr,5,2022,04:36,3.5,10:47,0.9,17:10,3.4,23:19,1.1
28,Sa,5,2022,05:27,3.4,11:36,0.9,18:02,3.4,,
29,Su,5,2022,00:05,1.0,06:14,3.4,12:23,0.9,18:47,3.5
30,Mo,5,2022,00:48,1.0,07:00,3.4,13:06,0.9,19:29,3.5
31,Tu,5,2022,01:28,1.0,07:44,3.4,13:47,0.8,20:09,3.5
1,We,6,2022,02:08,1.0,08:27,3.4,14:26,0.9,20:47,3.5
2,Th,6,2022,02:48,1.1,09:09,3.3,15:05,0.9,21:25,3.5
3,Fr,6,2022,03:29,1.1,09:50,3.3,15:44,0.9,22:04,3.4
4,Sa,6,2022,04:11,1.1,10:30,3.3,16:23,1.0,22:44,3.4
5,Su,6,2022,04:54,1.2,11:10,3.2,17:04,1.0,23:27,3.3
6,Mo,6,2022,05:38,1.2,11:52,3.2,17:47,1.1,,
7,Tu,6,2022,00:11,3.3,06:24,1.2,12:35,3.2,18:35,1.2
8,We,6,2022,00:58,3.3,07:11,1.2,13:23,3.2,19:28,1.2
9,Th,6,2022,01:47,3.3,08:02,1.1,14:15,3.2,20:25,1.2
10,Fr,6,2022,02:38,3.4,08:55,1.1,15:11,3.2,21:25,1.1
11,Sa,6,2022,03:30,3.4,09:50,1.0,16:11,3.4,22:22,1.0
12,Su,6,2022,04:24,3.5,10:47,0.8,17:11,3.5,23:17,0.9
13,Mo,6,2022,05:19,3.6,11:43,0.7,18:08,3.7,,
14,Tu,6,2022,00:11,0.8,06:17,3.7,12:38,0.6,19:02,3.8
15,We,6,2022,01:04,0.7,07:14,3.7,13:31,0.5,19:55,3.9
16,Th,6,2022,01:57,0.6,08:12,3.8,14:23,0.4,20:47,4.0
17,Fr,6,2022,02:51,0.6,09:08,3.8,15:14,0.4,21:40,4.0
18,Sa,6,2022,03:46,0.6,10:03,3.8,16:05,0.5,22:33,3.9
19,Su,6,2022,04:41,0.6,10:57,3.7,16:58,0.6,23:28,3.8
20,Mo,6,2022,05:37,0.7,11:50,3.6,17:52,0.8,,
21,Tu,6,2022,00:24,3.7,06:32,0.8,12:45,3.5,18:50,1.0
22,We,6,2022,01:20,3.6,07:28,0.9,13:41,3.4,19:53,1.1
23,Th,6,2022,02:16,3.5,08:24,0.9,14:41,3.3,20:57,1.2
24,Fr,6,2022,03:10,3.4,09:20,1.0,15:42,3.3,21:57,1.2
25,Sa,6,2022,04:03,3.4,10:14,1.0,16:40,3.3,22:50,1.2
26,Su,6,2022,04:54,3.3,11:06,1.0,17:33,3.3,23:37,1.2
27,Mo,6,2022,05:44,3.3,11:55,1.0,18:20,3.4,,
28,Tu,6,2022,00:22,1.1,06:33,3.3,12:40,1.0,19:04,3.4
29,We,6,2022,01:04,1.1,07:19,3.3,13:22,0.9,19:44,3.5
30,Th,6,2022,01:45,1.1,08:04,3.3,14:02,0.9,20:23,3.5
1,Fr,7,2022,02:26,1.1,08:45,3.3,14:41,0.9,21:01,3.5
2,Sa,7,2022,03:06,1.1,09:26,3.3,15:19,0.9,21:39,3.5
3,Su,7,2022,03:47,1.1,10:05,3.3,15:57,0.9,22:18,3.5
4,Mo,7,2022,04:27,1.1,10:43,3.3,16:36,1.0,22:58,3.4
5,Tu,7,2022,05:09,1.1,11:22,3.3,17:18,1.0,23:40,3.4
6,We,7,2022,05:51,1.1,12:04,3.3,18:03,1.1,,
7,Th,7,2022,00:24,3.4,06:36,1.0,12:49,3.3,18:54,1.1
8,Fr,7,2022,01:11,3.4,07:24,1.0,13:40,3.3,19:49,1.1
9,Sa,7,2022,02:01,3.4,08:17,1.0,14:37,3.3,20:49,1.1
10,Su,7,2022,02:55,3.5,09:15,0.9,15:39,3.4,21:51,1.0
11,Mo,7,2022,03:52,3.5,10:17,0.8,16:43,3.5,22:51,0.9
12,Tu,7,2022,04:52,3.5,11:19,0.7,17:45,3.7,23:49,0.8
13,We,7,2022,05:55,3.6,12:18,0.6,18:42,3.8,,
14,Th,7,2022,00:46,0.7,06:58,3.7,13:13,0.5,19:37,3.9
15,Fr,7,2022,01:41,0.6,07:57,3.8,14:06,0.4,20:30,4.0
16,Sa,7,2022,02:36,0.6,08:53,3.8,14:57,0.4,21:23,4.0
17,Su,7,2022,03:29,0.5,09:47,3.8,15:47,0.5,22:15,4.0
18,Mo,7,2022,04:22,0.6,10:38,3.8,16:37,0.6,23:06,3.9
19,Tu,7,2022,05:13,0.6,11:28,3.7,17:28,0.8,23:58,3.7
20,We,7,2022,06:04,0.7,12:18,3.5,18:22,0.9,,
21,Th,7,2022,00:49,3.6,06:55,0.9,13:10,3.4,19:19,1.1
22,Fr,7,2022,01:41,3.5,07:47,1.0,14:05,3.3,20:20,1.2
23,Sa,7,2022,02:33,3.3,08:41,1.1,15:05,3.2,21:21,1.3
24,Su,7,2022,03:26,3.2,09:38,1.1,16:06,3.2,22:17,1.3
25,Mo,7,2022,04:21,3.2,10:34,1.1,17:02,3.2,23:09,1.3
26,Tu,7,2022,05:15,3.2,11:27,1.1,17:53,3.3,23:56,1.2
27,We,7,2022,06:07,3.2,12:15,1.0,18:38,3.4,,
28,Th,7,2022,00:40,1.2,06:56,3.2,12:58,1.0,19:19,3.4
29,Fr,7,2022,01:22,1.1,07:41,3.3,13:38,0.9,19:58,3.5
30,Sa,7,2022,02:03,1.1,08:22,3.3,14:17,0.9,20:36,3.5
31,Su,7,2022,02:42,1.0,09:01,3.4,14:54,0.8,21:13,3.5
1,Mo,8,2022,03:21,1.0,09:38,3.4,15:31,0.8,21:50,3.5
2,Tu,8,2022,04:00,0.9,10:15,3.4,16:10,0.9,22:29,3.5
3,We,8,2022,04:39,0.9,10:54,3.4,16:51,0.9,23:10,3.5
4,Th,8,2022,05:21,0.9,11:35,3.4,17:35,1.0,23:54,3.5
5,Fr,8,2022,06:04,0.9,12:20,3.4,18:25,1.0,,
6,Sa,8,2022,00:41,3.5,06:52,0.9,13:11,3.4,19:20,1.1
7,Su,8,2022,01:32,3.5,07:46,0.9,14:10,3.4,20:22,1.1
8,Mo,8,2022,02:27,3.4,08:47,0.9,15:15,3.4,21:27,1.1
9,Tu,8,2022,03:28,3.4,09:54,0.9,16:23,3.5,22:31,1.0
10,We,8,2022,04:34,3.5,11:00,0.8,17:27,3.6,23:33,0.8
11,Th,8,2022,05:41,3.5,12:02,0.7,18:26,3.8,,
12,Fr,8,2022,00:31,0.7,06:45,3.7,12:58,0.5,19:20,3.9
13,Sa,8,2022,01:26,0.6,07:44,3.8,13:50,0.5,20:12,4.0
14,Su,8,2022,02:19,0.5,08:37,3.8,14:39,0.4,21:02,4.0
15,Mo,8,2022,03:09,0.5,09:27,3.9,15:26,0.5,21:51,4.0
16,Tu,8,2022,03:57,0.5,10:14,3.8,16:13,0.6,22:39,3.8
17,We,8,2022,04:44,0.6,11:00,3.7,17:00,0.8,23:27,3.7
18,Th,8,2022,05:30,0.7,11:46,3.6,17:50,1.0,,
19,Fr,8,2022,00:15,3.5,06:17,0.9,12:34,3.4,18:42,1.1
20,Sa,8,2022,01:04,3.4,07:05,1.0,13:26,3.3,19:40,1.3
21,Su,8,2022,01:54,3.2,07:58,1.1,14:24,3.2,20:41,1.4
22,Mo,8,2022,02:48,3.1,08:57,1.2,15:27,3.1,21:42,1.4
23,Tu,8,2022,03:45,3.1,09:59,1.2,16:28,3.2,22:38,1.4
24,We,8,2022,04:44,3.1,10:57,1.2,17:22,3.2,23:28,1.3
25,Th,8,2022,05:40,3.1,11:48,1.1,18:08,3.3,,
26,Fr,8,2022,00:14,1.2,06:31,3.2,12:32,1.0,18:50,3.4
27,Sa,8,2022,00:56,1.1,07:15,3.3,13:12,0.9,19:29,3.5
28,Su,8,2022,01:36,1.0,07:56,3.4,13:50,0.8,20:06,3.6
29,Mo,8,2022,02:15,0.9,08:34,3.5,14:28,0.8,20:43,3.6
30,Tu,8,2022,02:53,0.8,09:11,3.6,15:05,0.7,21:21,3.6
31,We,8,2022,03:32,0.8,09:48,3.6,15:44,0.8,22:01,3.6
1,Th,9,2022,04:11,0.8,10:27,3.6,16:26,0.8,22:43,3.6
2,Fr,9,2022,04:53,0.8,11:09,3.6,17:11,0.9,23:28,3.6
3,Sa,9,2022,05:37,0.8,11:56,3.5,18:02,1.0,,
4,Su,9,2022,00:17,3.5,06:26,0.9,12:49,3.4,18:59,1.1
5,Mo,9,2022,01:10,3.4,07:22,0.9,13:50,3.4,20:03,1.1
6,Tu,9,2022,02:08,3.4,08:26,1.0,14:58,3.4,21:10,1.1
7,We,9,2022,03:13,3.3,09:37,1.0,16:08,3.5,22:17,1.0
8,Th,9,2022,04:23,3.4,10:47,0.9,17:12,3.6,23:19,0.9
9,Fr,9,2022,05:32,3.5,11:49,0.7,18:10,3.8,,
10,Sa,9,2022,00:16,0.7,06:34,3.6,12:43,0.6,19:02,3.9
11,Su,9,2022,01:09,0.6,07:29,3.8,13:32,0.5,19:52,3.9
12,Mo,9,2022,01:59,0.5,08:18,3.8,14:18,0.5,20:39,3.9
13,Tu,9,2022,02:45,0.5,09:04,3.9,15:03,0.6,21:25,3.9
14,We,9,2022,03:30,0.5,09:47,3.8,15:47,0.7,22:10,3.8
15,Th,9,2022,04:13,0.6,10:30,3.7,16:31,0.8,22:55,3.6
16,Fr,9,2022,04:56,0.7,11:13,3.6,17:17,1.0,23:40,3.5
17,Sa,9,2022,05:39,0.9,11:58,3.4,18:06,1.2,,
18,Su,9,2022,00:26,3.3,06:25,1.0,12:48,3.3,19:00,1.3
19,Mo,9,2022,01:15,3.2,07:15,1.2,13:43,3.2,20:00,1.4
20,Tu,9,2022,02:09,3.1,08:14,1.3,14:45,3.1,21:03,1.4
21,We,9,2022,03:07,3.0,09:19,1.3,15:48,3.1,22:02,1.4
22,Th,9,2022,04:09,3.0,10:22,1.3,16:44,3.2,22:55,1.3
23,Fr,9,2022,05:08,3.1,11:16,1.2,17:32,3.3,23:42,1.2
24,Sa,9,2022,06:00,3.2,12:01,1.1,18:15,3.4,,
25,Su,9,2022,00:25,1.1,07:45,3.3,13:42,0.9,19:54,3.5
26,Mo,9,2022,02:05,0.9,08:26,3.5,14:21,0.8,20:33,3.6
27,Tu,9,2022,02:45,0.8,09:04,3.6,15:00,0.7,21:12,3.7
28,We,9,2022,03:24,0.7,09:43,3.7,15:39,0.7,21:52,3.7
29,Th,9,2022,04:05,0.6,10:22,3.7,16:21,0.7,22:35,3.7
30,Fr,9,2022,04:46,0.6,11:04,3.7,17:05,0.7,23:20,3.7
1,Sa,10,2022,05:29,0.6,11:49,3.7,17:53,0.8,,
2,Su,10,2022,00:08,3.6,06:16,0.7,12:39,3.6,18:46,0.9
3,Mo,10,2022,00:59,3.5,07:06,0.8,13:34,3.5,19:45,1.0
4,Tu,10,2022,01:54,3.4,08:04,0.9,14:37,3.4,20:50,1.1
5,We,10,2022,02:55,3.3,09:11,1.0,15:46,3.4,21:58,1.1
6,Th,10,2022,04:03,3.3,10:25,1.0,16:54,3.5,23:04,1.0
7,Fr,10,2022,05:14,3.3,11:35,0.9,17:56,3.6,,
8,Sa,10,2022,00:05,0.9,06:21,3.5,12:35,0.8,18:51,3.7
9,Su,10,2022,00:59,0.7,07:20,3.6,13:26,0.7,19:41,3.8
10,Mo,10,2022,01:50,0.6,08:11,3.7,14:13,0.6,20:29,3.8
11,Tu,10,2022,02:36,0.5,08:57,3.8,14:56,0.6,21:14,3.8
12,We,10,2022,03:20,0.5,09:40,3.8,15:39,0.7,21:58,3.7
13,Th,10,2022,04:02,0.6,10:21,3.8,16:20,0.8,22:41,3.6
14,Fr,10,2022,04:43,0.6,11:01,3.7,17:03,0.9,23:24,3.5
15,Sa,10,2022,05:23,0.8,11:42,3.6,17:46,1.1,,
16,Su,10,2022,00:07,3.4,06:04,0.9,12:25,3.4,18:33,1.2
17,Mo,10,2022,00:52,3.2,06:48,1.1,13:12,3.3,19:24,1.3
18,Tu,10,2022,01:39,3.1,07:35,1.2,14:04,3.2,20:19,1.4
19,We,10,2022,02:30,3.0,08:30,1.3,15:02,3.1,21:19,1.4
20,Th,10,2022,03:26,3.0,09:33,1.4,16:01,3.1,22:18,1.4
21,Fr,10,2022,04:27,3.0,10:38,1.3,16:57,3.2,23:12,1.3
22,Sa,10,2022,05:27,3.1,11:35,1.2,17:47,3.3,,
23,Su,10,2022,00:02,1.2,06:21,3.2,12:24,1.1,18:32,3.4
24,Mo,10,2022,00:47,1.0,07:09,3.3,13:08,1.0,19:14,3.5
25,Tu,10,2022,01:31,0.9,07:52,3.5,13:49,0.8,19:57,3.6
26,We,10,2022,02:13,0.7,08:34,3.7,14:31,0.7,20:41,3.7
27,Th,10,2022,02:56,0.6,09:17,3.8,15:15,0.7,21:26,3.7
28,Fr,10,2022,03:40,0.5,10:00,3.8,16:00,0.6,22:13,3.8
29,Sa,10,2022,04:24,0.5,10:45,3.8,16:47,0.7,23:02,3.7
30,Su,10,2022,05:10,0.5,11:33,3.8,17:39,0.8,23:53,3.6
31,Mo,10,2022,05:59,0.6,12:26,3.7,18:34,0.9,,
1,Tu,11,2022,00:46,3.5,06:51,0.8,13:23,3.6,19:34,1.0
2,We,11,2022,01:43,3.4,07:50,0.9,14:26,3.5,20:37,1.0
3,Th,11,2022,02:45,3.3,08:57,1.0,15:31,3.5,21:43,1.0
4,Fr,11,2022,03:52,3.3,10:10,1.1,16:35,3.5,22:47,0.9
5,Sa,11,2022,05:01,3.3,11:18,1.0,17:34,3.6,23:45,0.9
6,Su,11,2022,06:05,3.4,12:16,0.9,18:28,3.6,,
7,Mo,11,2022,00:39,0.8,07:01,3.5,13:06,0.9,19:17,3.7
8,Tu,11,2022,01:27,0.7,07:51,3.6,13:51,0.8,20:04,3.7
9,We,11,2022,02:13,0.6,08:35,3.7,14:34,0.8,20:49,3.6
10,Th,11,2022,02:55,0.6,09:16,3.7,15:15,0.8,21:33,3.6
11,Fr,11,2022,03:36,0.7,09:56,3.7,15:56,0.9,22:15,3.5
12,Sa,11,2022,04:15,0.7,10:35,3.6,16:37,1.0,22:57,3.4
13,Su,11,2022,04:54,0.8,11:15,3.5,17:20,1.1,23:39,3.3
14,Mo,11,2022,05:34,0.9,11:56,3.4,18:04,1.2,,
15,Tu,11,2022,00:22,3.2,06:15,1.0,12:41,3.3,18:52,1.3
16,We,11,2022,01:06,3.1,07:00,1.1,13:28,3.2,19:41,1.3
17,Th,11,2022,01:52,3.1,07:50,1.2,14:19,3.2,20:34,1.3
18,Fr,11,2022,02:43,3.0,08:47,1.3,15:12,3.2,21:28,1.3
19,Sa,11,2022,03:38,3.0,09:47,1.3,16:04,3.2,22:22,1.2
20,Su,11,2022,04:37,3.1,10:47,1.3,16:55,3.3,23:14,1.1
21,Mo,11,2022,05:35,3.2,11:41,1.1,17:44,3.4,,
22,Tu,11,2022,00:05,1.0,06:28,3.3,12:30,1.0,18:33,3.5
23,We,11,2022,00:55,0.8,07:18,3.5,13:18,0.9,19:22,3.6
24,Th,11,2022,01:43,0.7,08:06,3.7,14:05,0.7,20:12,3.7
25,Fr,11,2022,02:31,0.5,08:53,3.8,14:53,0.7,21:04,3.7
26,Sa,11,2022,03:18,0.4,09:40,3.9,15:42,0.6,21:56,3.8
27,Su,11,2022,04:06,0.4,10:29,3.9,16:33,0.6,22:48,3.7
28,Mo,11,2022,04:54,0.5,11:20,3.9,17:27,0.7,23:41,3.7
29,Tu,11,2022,05:45,0.6,12:14,3.8,18:23,0.8,,
30,We,11,2022,00:35,3.6,06:38,0.7,13:11,3.7,19:20,0.8
1,Th,12,2022,01:31,3.5,07:36,0.9,14:10,3.6,20:20,0.9
2,Fr,12,2022,02:30,3.4,08:40,1.0,15:10,3.6,21:21,0.9
3,Sa,12,2022,03:33,3.3,09:49,1.1,16:10,3.5,22:22,0.9
4,Su,12,2022,04:39,3.3,10:55,1.1,17:07,3.5,23:20,0.9
5,Mo,12,2022,05:43,3.4,11:53,1.1,18:00,3.5,,
6,Tu,12,2022,00:14,0.9,06:39,3.4,12:43,1.0,18:51,3.5
7,We,12,2022,01:03,0.8,07:28,3.5,13:29,1.0,19:40,3.5
8,Th,12,2022,01:49,0.8,08:13,3.5,14:12,1.0,20:26,3.4
9,Fr,12,2022,02:32,0.8,08:54,3.6,14:54,1.0,21:11,3.4
10,Sa,12,2022,03:12,0.8,09:34,3.6,15:35,1.0,21:53,3.4
11,Su,12,2022,03:51,0.8,10:13,3.6,16:16,1.1,22:34,3.4
12,Mo,12,2022,04:29,0.8,10:51,3.5,16:57,1.1,23:15,3.3
13,Tu,12,2022,05:08,0.9,11:31,3.5,17:39,1.1,23:55,3.3
14,We,12,2022,05:47,1.0,12:12,3.4,18:22,1.2,,
15,Th,12,2022,00:35,3.2,06:29,1.1,12:55,3.3,19:06,1.2
16,Fr,12,2022,01:17,3.2,07:14,1.2,13:39,3.3,19:52,1.2
17,Sa,12,2022,02:02,3.1,08:04,1.2,14:26,3.3,20:40,1.2
18,Su,12,2022,02:51,3.1,08:59,1.3,15:15,3.3,21:31,1.2
19,Mo,12,2022,03:47,3.1,09:58,1.2,16:05,3.3,22:26,1.1
20,Tu,12,2022,04:47,3.2,10:57,1.2,16:58,3.4,23:23,1.0
21,We,12,2022,05:48,3.3,11:53,1.0,17:54,3.5,,
22,Th,12,2022,00:21,0.8,06:46,3.5,12:48,0.9,18:51,3.6
23,Fr,12,2022,01:16,0.7,07:40,3.7,13:41,0.8,19:49,3.6
24,Sa,12,2022,02:09,0.5,08:32,3.8,14:34,0.7,20:46,3.7
25,Su,12,2022,03:00,0.4,09:24,4.0,15:27,0.6,21:42,3.8
26,Mo,12,2022,03:50,0.4,10:15,4.0,16:20,0.6,22:36,3.8
27,Tu,12,2022,04:40,0.4,11:07,4.0,17:14,0.6,23:28,3.8
28,We,12,2022,05:30,0.5,12:00,3.9,18:08,0.6,,
29,Th,12,2022,00:20,3.7,06:22,0.6,12:54,3.8,19:02,0.7
30,Fr,12,2022,01:13,3.6,07:17,0.8,13:48,3.7,19:56,0.8
31,Sa,12,2022,02:08,3.5,08:16,1.0,14:44,3.6,20:52,0.9
