032,Spit Wharf,45°47'S,170°43'E                                          
Based on constituent set with reference date:,01-Jul-2009
Local Std or Daylight Time,Tidal heights in metres.
1,Sa,1,2022,02:28,2.0,08:30,0.3,14:54,2.0,20:48,0.2
2,Su,1,2022,03:24,2.1,09:25,0.2,15:47,2.0,21:43,0.2
3,Mo,1,2022,04:18,2.2,10:21,0.2,16:41,2.0,22:39,0.1
4,Tu,1,2022,05:12,2.2,11:16,0.2,17:34,2.0,23:37,0.1
5,We,1,2022,06:06,2.2,12:11,0.2,18:29,2.0,,
6,Th,1,2022,00:34,0.2,07:00,2.1,13:06,0.3,19:25,2.0
7,Fr,1,2022,01:30,0.2,07:55,2.0,14:02,0.3,20:23,1.9
8,Sa,1,2022,02:26,0.3,08:51,1.9,14:58,0.4,21:21,1.8
9,Su,1,2022,03:22,0.4,09:48,1.8,15:55,0.4,22:18,1.8
10,Mo,1,2022,04:19,0.5,10:45,1.8,16:52,0.5,23:14,1.8
11,Tu,1,2022,05:17,0.5,11:40,1.7,17:46,0.5,,
12,We,1,2022,00:07,1.7,06:15,0.5,12:33,1.7,18:37,0.5
13,Th,1,2022,00:58,1.7,07:08,0.6,13:22,1.7,19:24,0.5
14,Fr,1,2022,01:47,1.7,07:56,0.5,14:07,1.7,20:07,0.5
15,Sa,1,2022,02:32,1.8,08:40,0.5,14:50,1.7,20:48,0.5
16,Su,1,2022,03:15,1.8,09:20,0.5,15:29,1.7,21:27,0.5
17,Mo,1,2022,03:54,1.8,09:59,0.5,16:08,1.7,22:07,0.5
18,Tu,1,2022,04:32,1.8,10:37,0.5,16:46,1.7,22:46,0.5
19,We,1,2022,05:10,1.8,11:15,0.5,17:25,1.7,23:26,0.4
20,Th,1,2022,05:49,1.8,11:54,0.5,18:05,1.7,,
21,Fr,1,2022,00:08,0.4,06:29,1.8,12:34,0.5,18:49,1.7
22,Sa,1,2022,00:51,0.4,07:13,1.8,13:17,0.5,19:36,1.7
23,Su,1,2022,01:36,0.4,08:00,1.8,14:03,0.5,20:27,1.7
24,Mo,1,2022,02:24,0.5,08:52,1.8,14:52,0.5,21:21,1.7
25,Tu,1,2022,03:16,0.5,09:48,1.7,15:46,0.5,22:18,1.8
26,We,1,2022,04:13,0.5,10:47,1.7,16:44,0.5,23:17,1.8
27,Th,1,2022,05:16,0.5,11:47,1.8,17:43,0.4,,
28,Fr,1,2022,00:16,1.9,06:20,0.4,12:46,1.8,18:42,0.3
29,Sa,1,2022,01:16,1.9,07:21,0.4,13:43,1.9,19:39,0.3
30,Su,1,2022,02:14,2.0,08:18,0.3,14:38,1.9,20:34,0.2
31,Mo,1,2022,03:10,2.1,09:12,0.3,15:32,2.0,21:29,0.2
1,Tu,2,2022,04:03,2.1,10:04,0.2,16:24,2.0,22:24,0.1
2,We,2,2022,04:54,2.2,10:56,0.2,17:15,2.0,23:18,0.2
3,Th,2,2022,05:44,2.1,11:47,0.2,18:06,2.0,,
4,Fr,2,2022,00:11,0.2,06:34,2.1,12:39,0.3,18:59,2.0
5,Sa,2,2022,01:03,0.3,07:25,2.0,13:30,0.3,19:52,1.9
6,Su,2,2022,01:55,0.3,08:18,1.9,14:22,0.4,20:47,1.8
7,Mo,2,2022,02:47,0.4,09:12,1.8,15:16,0.5,21:43,1.7
8,Tu,2,2022,03:42,0.5,10:09,1.7,16:12,0.5,22:39,1.7
9,We,2,2022,04:41,0.6,11:06,1.6,17:09,0.6,23:34,1.7
10,Th,2,2022,05:42,0.6,12:00,1.6,18:04,0.6,,
11,Fr,2,2022,00:27,1.7,06:39,0.6,12:51,1.6,18:54,0.6
12,Sa,2,2022,01:16,1.7,07:29,0.6,13:37,1.6,19:39,0.5
13,Su,2,2022,02:02,1.7,08:13,0.6,14:20,1.7,20:20,0.5
14,Mo,2,2022,02:45,1.8,08:52,0.5,15:00,1.7,20:59,0.5
15,Tu,2,2022,03:24,1.8,09:29,0.5,15:38,1.7,21:38,0.4
16,We,2,2022,04:02,1.9,10:05,0.4,16:17,1.8,22:16,0.4
17,Th,2,2022,04:41,1.9,10:42,0.4,16:56,1.8,22:57,0.4
18,Fr,2,2022,05:20,1.9,11:21,0.4,17:37,1.8,23:39,0.4
19,Sa,2,2022,06:01,1.9,12:02,0.4,18:21,1.8,,
20,Su,2,2022,00:23,0.4,06:45,1.9,12:46,0.4,19:09,1.8
21,Mo,2,2022,01:10,0.4,07:33,1.8,13:34,0.4,20:01,1.8
22,Tu,2,2022,02:00,0.4,08:27,1.8,14:26,0.5,20:58,1.8
23,We,2,2022,02:55,0.5,09:26,1.7,15:23,0.5,21:58,1.8
24,Th,2,2022,03:56,0.5,10:29,1.7,16:25,0.5,23:01,1.8
25,Fr,2,2022,05:03,0.5,11:32,1.8,17:28,0.4,,
26,Sa,2,2022,00:03,1.9,06:10,0.5,12:32,1.8,18:30,0.4
27,Su,2,2022,01:03,1.9,07:11,0.4,13:30,1.9,19:28,0.3
28,Mo,2,2022,02:01,2.0,08:06,0.3,14:24,1.9,20:23,0.2
1,Tu,3,2022,02:55,2.1,08:57,0.3,15:15,2.0,21:15,0.2
2,We,3,2022,03:45,2.1,09:46,0.2,16:05,2.0,22:06,0.2
3,Th,3,2022,04:34,2.1,10:33,0.2,16:54,2.0,22:56,0.2
4,Fr,3,2022,05:20,2.1,11:21,0.3,17:42,2.0,23:46,0.2
5,Sa,3,2022,06:07,2.0,12:08,0.3,18:30,1.9,,
6,Su,3,2022,00:34,0.3,06:53,1.9,12:56,0.4,19:20,1.9
7,Mo,3,2022,01:22,0.4,07:42,1.8,13:45,0.5,20:11,1.8
8,Tu,3,2022,02:12,0.5,08:34,1.7,14:36,0.5,21:05,1.7
9,We,3,2022,03:04,0.6,09:30,1.6,15:31,0.6,22:00,1.6
10,Th,3,2022,04:02,0.6,10:28,1.6,16:28,0.6,22:56,1.6
11,Fr,3,2022,05:05,0.7,11:24,1.6,17:26,0.6,23:50,1.6
12,Sa,3,2022,06:05,0.6,12:16,1.6,18:18,0.6,,
13,Su,3,2022,00:40,1.7,06:56,0.6,13:02,1.6,19:05,0.6
14,Mo,3,2022,01:26,1.7,07:40,0.6,13:45,1.7,19:47,0.5
15,Tu,3,2022,02:09,1.8,08:18,0.5,14:25,1.7,20:26,0.5
16,We,3,2022,02:50,1.8,08:53,0.4,15:05,1.8,21:05,0.4
17,Th,3,2022,03:29,1.9,09:29,0.4,15:45,1.8,21:45,0.4
18,Fr,3,2022,04:09,1.9,10:07,0.4,16:26,1.9,22:27,0.3
19,Sa,3,2022,04:51,2.0,10:48,0.3,17:10,1.9,23:11,0.3
20,Su,3,2022,05:34,1.9,11:32,0.3,17:56,1.9,23:58,0.3
21,Mo,3,2022,06:20,1.9,12:19,0.4,18:46,1.9,,
22,Tu,3,2022,00:49,0.3,07:11,1.9,13:11,0.4,19:41,1.9
23,We,3,2022,01:42,0.4,08:08,1.8,14:07,0.4,20:40,1.9
24,Th,3,2022,02:41,0.4,09:11,1.8,15:07,0.4,21:43,1.9
25,Fr,3,2022,03:46,0.5,10:16,1.7,16:12,0.4,22:48,1.9
26,Sa,3,2022,04:55,0.5,11:19,1.8,17:18,0.4,23:50,1.9
27,Su,3,2022,06:01,0.4,12:19,1.8,18:20,0.4,,
28,Mo,3,2022,00:50,1.9,07:00,0.4,13:15,1.9,19:17,0.3
29,Tu,3,2022,01:45,2.0,07:52,0.3,14:07,1.9,20:10,0.3
30,We,3,2022,02:37,2.0,08:39,0.3,14:57,2.0,20:59,0.2
31,Th,3,2022,03:25,2.0,09:24,0.3,15:45,2.0,21:47,0.2
1,Fr,4,2022,04:11,2.0,10:08,0.3,16:31,2.0,22:33,0.3
2,Sa,4,2022,04:55,2.0,10:52,0.3,17:17,2.0,23:19,0.3
3,Su,4,2022,04:38,1.9,10:37,0.4,17:02,1.9,23:05,0.4
4,Mo,4,2022,05:22,1.8,11:22,0.4,17:48,1.8,23:51,0.5
5,Tu,4,2022,06:07,1.7,12:09,0.5,18:35,1.7,,
6,We,4,2022,00:38,0.5,06:55,1.6,12:58,0.6,19:26,1.7
7,Th,4,2022,01:28,0.6,07:49,1.6,13:50,0.6,20:19,1.6
8,Fr,4,2022,02:23,0.7,08:46,1.5,14:45,0.6,21:13,1.6
9,Sa,4,2022,03:23,0.7,09:43,1.5,15:41,0.6,22:06,1.6
10,Su,4,2022,04:22,0.7,10:34,1.6,16:34,0.6,22:57,1.6
11,Mo,4,2022,05:14,0.6,11:21,1.6,17:23,0.6,23:44,1.7
12,Tu,4,2022,05:58,0.6,12:05,1.7,18:07,0.5,,
13,We,4,2022,00:29,1.8,06:37,0.5,12:48,1.7,18:48,0.4
14,Th,4,2022,01:12,1.8,07:14,0.4,13:30,1.8,19:30,0.4
15,Fr,4,2022,01:55,1.9,07:53,0.4,14:13,1.9,20:13,0.3
16,Sa,4,2022,02:39,1.9,08:33,0.3,14:58,2.0,20:58,0.3
17,Su,4,2022,03:23,2.0,09:17,0.3,15:45,2.0,21:46,0.3
18,Mo,4,2022,04:09,2.0,10:05,0.3,16:35,2.0,22:37,0.3
19,Tu,4,2022,04:59,1.9,10:57,0.3,17:28,2.0,23:31,0.3
20,We,4,2022,05:53,1.9,11:53,0.3,18:24,2.0,,
21,Th,4,2022,00:29,0.3,06:52,1.8,12:52,0.3,19:25,1.9
22,Fr,4,2022,01:30,0.4,07:56,1.8,13:55,0.4,20:29,1.9
23,Sa,4,2022,02:35,0.4,09:01,1.8,15:00,0.4,21:33,1.9
24,Su,4,2022,03:43,0.4,10:04,1.8,16:05,0.4,22:34,1.9
25,Mo,4,2022,04:47,0.4,11:03,1.9,17:06,0.3,23:32,1.9
26,Tu,4,2022,05:43,0.4,11:57,1.9,18:02,0.3,,
27,We,4,2022,00:26,2.0,06:33,0.3,12:49,1.9,18:53,0.3
28,Th,4,2022,01:16,2.0,07:18,0.3,13:37,2.0,19:41,0.3
29,Fr,4,2022,02:03,1.9,08:01,0.3,14:24,2.0,20:26,0.3
30,Sa,4,2022,02:48,1.9,08:43,0.3,15:09,1.9,21:11,0.4
1,Su,5,2022,03:30,1.9,09:25,0.4,15:53,1.9,21:55,0.4
2,Mo,5,2022,04:11,1.8,10:08,0.4,16:36,1.8,22:38,0.5
3,Tu,5,2022,04:52,1.7,10:51,0.5,17:19,1.8,23:22,0.5
4,We,5,2022,05:34,1.7,11:37,0.5,18:02,1.7,,
5,Th,5,2022,00:07,0.6,06:20,1.6,12:24,0.6,18:48,1.7
6,Fr,5,2022,00:55,0.6,07:10,1.5,13:12,0.6,19:37,1.6
7,Sa,5,2022,01:45,0.6,08:04,1.5,14:03,0.6,20:28,1.6
8,Su,5,2022,02:38,0.7,08:58,1.5,14:54,0.6,21:20,1.6
9,Mo,5,2022,03:33,0.6,09:49,1.6,15:45,0.6,22:11,1.7
10,Tu,5,2022,04:24,0.6,10:37,1.6,16:35,0.6,23:00,1.7
11,We,5,2022,05:11,0.5,11:23,1.7,17:23,0.5,23:48,1.8
12,Th,5,2022,05:54,0.5,12:09,1.8,18:10,0.4,,
13,Fr,5,2022,00:35,1.8,06:36,0.4,12:56,1.9,18:57,0.4
14,Sa,5,2022,01:22,1.9,07:18,0.3,13:44,1.9,19:44,0.3
15,Su,5,2022,02:10,1.9,08:03,0.3,14:33,2.0,20:34,0.3
16,Mo,5,2022,02:58,2.0,08:51,0.2,15:24,2.1,21:26,0.2
17,Tu,5,2022,03:48,2.0,09:43,0.2,16:17,2.1,22:20,0.2
18,We,5,2022,04:41,2.0,10:39,0.2,17:12,2.1,23:16,0.3
19,Th,5,2022,05:36,1.9,11:38,0.2,18:09,2.1,,
20,Fr,5,2022,00:15,0.3,06:36,1.9,12:38,0.3,19:09,2.0
21,Sa,5,2022,01:16,0.3,07:39,1.9,13:40,0.3,20:11,2.0
22,Su,5,2022,02:20,0.4,08:42,1.9,14:43,0.3,21:13,2.0
23,Mo,5,2022,03:24,0.4,09:44,1.9,15:46,0.3,22:13,1.9
24,Tu,5,2022,04:25,0.4,10:41,1.9,16:46,0.4,23:10,1.9
25,We,5,2022,05:20,0.4,11:36,1.9,17:42,0.4,,
26,Th,5,2022,00:04,1.9,06:10,0.4,12:27,1.9,18:34,0.4
27,Fr,5,2022,00:53,1.9,06:55,0.4,13:16,1.9,19:21,0.4
28,Sa,5,2022,01:40,1.9,07:38,0.4,14:03,1.9,20:06,0.4
29,Su,5,2022,02:24,1.8,08:19,0.4,14:48,1.9,20:50,0.4
30,Mo,5,2022,03:06,1.8,09:00,0.4,15:30,1.8,21:32,0.5
31,Tu,5,2022,03:46,1.7,09:42,0.4,16:11,1.8,22:14,0.5
1,We,6,2022,04:26,1.7,10:25,0.5,16:52,1.8,22:56,0.5
2,Th,6,2022,05:06,1.6,11:08,0.5,17:32,1.7,23:39,0.6
3,Fr,6,2022,05:48,1.6,11:53,0.6,18:14,1.7,,
4,Sa,6,2022,00:23,0.6,06:34,1.6,12:37,0.6,18:58,1.7
5,Su,6,2022,01:08,0.6,07:23,1.6,13:23,0.6,19:46,1.7
6,Mo,6,2022,01:55,0.6,08:13,1.6,14:10,0.6,20:36,1.7
7,Tu,6,2022,02:44,0.6,09:04,1.6,14:59,0.6,21:27,1.7
8,We,6,2022,03:34,0.6,09:54,1.7,15:50,0.5,22:18,1.7
9,Th,6,2022,04:24,0.5,10:44,1.7,16:42,0.5,23:10,1.8
10,Fr,6,2022,05:12,0.5,11:34,1.8,17:35,0.4,,
11,Sa,6,2022,00:02,1.8,06:00,0.4,12:26,1.9,18:28,0.4
12,Su,6,2022,00:54,1.9,06:49,0.3,13:19,2.0,19:21,0.3
13,Mo,6,2022,01:45,1.9,07:38,0.3,14:13,2.0,20:14,0.3
14,Tu,6,2022,02:37,2.0,08:31,0.2,15:07,2.1,21:08,0.2
15,We,6,2022,03:30,2.0,09:26,0.2,16:01,2.1,22:04,0.2
16,Th,6,2022,04:24,2.0,10:23,0.2,16:55,2.2,23:00,0.2
17,Fr,6,2022,05:19,2.0,11:22,0.2,17:51,2.1,23:58,0.2
18,Sa,6,2022,06:17,2.0,12:21,0.2,18:49,2.1,,
19,Su,6,2022,00:57,0.3,07:17,1.9,13:21,0.2,19:48,2.0
20,Mo,6,2022,01:56,0.3,08:19,1.9,14:20,0.3,20:48,2.0
21,Tu,6,2022,02:57,0.4,09:18,1.9,15:20,0.3,21:47,1.9
22,We,6,2022,03:56,0.4,10:16,1.9,16:20,0.4,22:44,1.9
23,Th,6,2022,04:52,0.4,11:11,1.9,17:18,0.4,23:38,1.8
24,Fr,6,2022,05:43,0.4,12:03,1.8,18:12,0.5,,
25,Sa,6,2022,00:29,1.8,06:31,0.4,12:54,1.8,19:01,0.5
26,Su,6,2022,01:16,1.8,07:15,0.4,13:41,1.8,19:47,0.5
27,Mo,6,2022,02:01,1.7,07:57,0.4,14:26,1.8,20:30,0.5
28,Tu,6,2022,02:42,1.7,08:38,0.4,15:08,1.8,21:11,0.5
29,We,6,2022,03:22,1.7,09:19,0.5,15:47,1.8,21:51,0.5
30,Th,6,2022,04:00,1.7,10:00,0.5,16:25,1.8,22:30,0.5
1,Fr,7,2022,04:39,1.7,10:41,0.5,17:03,1.8,23:10,0.5
2,Sa,7,2022,05:18,1.7,11:22,0.5,17:42,1.8,23:50,0.5
3,Su,7,2022,06:00,1.6,12:04,0.5,18:23,1.8,,
4,Mo,7,2022,00:32,0.5,06:45,1.6,12:47,0.5,19:08,1.7
5,Tu,7,2022,01:15,0.6,07:34,1.6,13:32,0.5,19:56,1.7
6,We,7,2022,02:02,0.6,08:24,1.7,14:20,0.5,20:48,1.7
7,Th,7,2022,02:51,0.5,09:17,1.7,15:12,0.5,21:43,1.7
8,Fr,7,2022,03:43,0.5,10:10,1.7,16:08,0.5,22:39,1.7
9,Sa,7,2022,04:37,0.5,11:06,1.8,17:07,0.5,23:35,1.8
10,Su,7,2022,05:31,0.4,12:03,1.9,18:06,0.4,,
11,Mo,7,2022,00:31,1.8,06:25,0.3,13:00,2.0,19:02,0.3
12,Tu,7,2022,01:26,1.9,07:20,0.2,13:56,2.1,19:58,0.3
13,We,7,2022,02:20,2.0,08:14,0.2,14:51,2.1,20:52,0.2
14,Th,7,2022,03:13,2.0,09:10,0.1,15:44,2.2,21:47,0.2
15,Fr,7,2022,04:06,2.1,10:07,0.1,16:37,2.2,22:41,0.2
16,Sa,7,2022,05:00,2.1,11:04,0.1,17:31,2.2,23:36,0.2
17,Su,7,2022,05:55,2.0,12:00,0.2,18:25,2.1,,
18,Mo,7,2022,00:31,0.3,06:52,2.0,12:56,0.2,19:21,2.0
19,Tu,7,2022,01:28,0.3,07:51,1.9,13:53,0.3,20:19,1.9
20,We,7,2022,02:25,0.4,08:49,1.9,14:50,0.4,21:17,1.8
21,Th,7,2022,03:23,0.4,09:47,1.8,15:50,0.5,22:15,1.8
22,Fr,7,2022,04:20,0.5,10:43,1.8,16:51,0.5,23:11,1.7
23,Sa,7,2022,05:15,0.5,11:38,1.8,17:48,0.5,,
24,Su,7,2022,00:03,1.7,06:05,0.5,12:29,1.8,18:39,0.5
25,Mo,7,2022,00:51,1.7,06:51,0.5,13:17,1.8,19:25,0.5
26,Tu,7,2022,01:36,1.7,07:34,0.5,14:02,1.8,20:07,0.5
27,We,7,2022,02:17,1.7,08:15,0.5,14:42,1.8,20:46,0.5
28,Th,7,2022,02:55,1.7,08:54,0.4,15:20,1.8,21:24,0.5
29,Fr,7,2022,03:33,1.7,09:33,0.4,15:57,1.8,22:00,0.5
30,Sa,7,2022,04:10,1.7,10:12,0.4,16:33,1.8,22:37,0.5
31,Su,7,2022,04:48,1.7,10:52,0.4,17:11,1.8,23:16,0.5
1,Mo,8,2022,05:29,1.7,11:32,0.4,17:51,1.8,23:56,0.5
2,Tu,8,2022,06:12,1.7,12:15,0.5,18:35,1.8,,
3,We,8,2022,00:39,0.5,07:00,1.7,13:00,0.5,19:23,1.7
4,Th,8,2022,01:26,0.5,07:51,1.7,13:48,0.5,20:17,1.7
5,Fr,8,2022,02:16,0.5,08:47,1.7,14:43,0.5,21:15,1.7
6,Sa,8,2022,03:12,0.5,09:45,1.8,15:43,0.5,22:15,1.7
7,Su,8,2022,04:11,0.5,10:45,1.8,16:48,0.5,23:15,1.8
8,Mo,8,2022,05:11,0.4,11:45,1.9,17:50,0.4,,
9,Tu,8,2022,00:13,1.8,06:09,0.3,12:44,2.0,18:49,0.3
10,We,8,2022,01:09,1.9,07:05,0.2,13:41,2.1,19:43,0.3
11,Th,8,2022,02:03,2.0,08:00,0.2,14:34,2.1,20:36,0.2
12,Fr,8,2022,02:55,2.1,08:55,0.1,15:26,2.2,21:27,0.2
13,Sa,8,2022,03:47,2.1,09:49,0.1,16:17,2.2,22:19,0.2
14,Su,8,2022,04:39,2.1,10:43,0.1,17:07,2.1,23:10,0.2
15,Mo,8,2022,05:31,2.0,11:36,0.2,17:58,2.1,,
16,Tu,8,2022,00:02,0.3,06:25,2.0,12:29,0.3,18:51,2.0
17,We,8,2022,00:56,0.3,07:20,1.9,13:22,0.4,19:46,1.8
18,Th,8,2022,01:50,0.4,08:17,1.8,14:18,0.4,20:45,1.7
19,Fr,8,2022,02:47,0.5,09:15,1.8,15:18,0.5,21:44,1.7
20,Sa,8,2022,03:46,0.5,10:13,1.7,16:21,0.6,22:41,1.6
21,Su,8,2022,04:44,0.5,11:08,1.7,17:21,0.6,23:34,1.6
22,Mo,8,2022,05:37,0.5,12:01,1.7,18:14,0.6,,
23,Tu,8,2022,00:23,1.7,06:25,0.5,12:48,1.7,18:59,0.5
24,We,8,2022,01:07,1.7,07:08,0.5,13:32,1.8,19:39,0.5
25,Th,8,2022,01:47,1.7,07:48,0.5,14:11,1.8,20:16,0.5
26,Fr,8,2022,02:25,1.7,08:25,0.4,14:49,1.8,20:51,0.4
27,Sa,8,2022,03:02,1.8,09:03,0.4,15:25,1.9,21:27,0.4
28,Su,8,2022,03:40,1.8,09:41,0.4,16:02,1.9,22:03,0.4
29,Mo,8,2022,04:18,1.8,10:21,0.4,16:41,1.9,22:42,0.4
30,Tu,8,2022,04:59,1.8,11:02,0.4,17:22,1.9,23:23,0.4
31,We,8,2022,05:44,1.8,11:47,0.4,18:07,1.8,,
1,Th,9,2022,00:08,0.4,06:33,1.8,12:34,0.4,18:57,1.8
2,Fr,9,2022,00:57,0.5,07:27,1.8,13:26,0.5,19:54,1.7
3,Sa,9,2022,01:51,0.5,08:25,1.8,14:24,0.5,20:56,1.7
4,Su,9,2022,02:51,0.5,09:27,1.8,15:28,0.5,21:59,1.7
5,Mo,9,2022,03:54,0.4,10:30,1.8,16:35,0.5,23:00,1.8
6,Tu,9,2022,04:57,0.4,11:31,1.9,17:39,0.4,23:58,1.8
7,We,9,2022,05:57,0.3,12:29,2.0,18:36,0.3,,
8,Th,9,2022,00:53,1.9,06:53,0.2,13:25,2.1,19:27,0.3
9,Fr,9,2022,01:46,2.0,07:46,0.2,14:17,2.1,20:17,0.2
10,Sa,9,2022,02:37,2.1,08:38,0.1,15:06,2.2,21:05,0.2
11,Su,9,2022,03:27,2.1,09:29,0.1,15:54,2.1,21:53,0.2
12,Mo,9,2022,04:16,2.1,10:20,0.2,16:42,2.1,22:42,0.2
13,Tu,9,2022,05:06,2.0,11:10,0.2,17:30,2.0,23:32,0.3
14,We,9,2022,05:56,2.0,12:01,0.3,18:20,1.9,,
15,Th,9,2022,00:23,0.4,06:49,1.9,12:52,0.4,19:13,1.8
16,Fr,9,2022,01:15,0.5,07:44,1.8,13:46,0.5,20:10,1.7
17,Sa,9,2022,02:11,0.5,08:41,1.7,14:44,0.6,21:09,1.6
18,Su,9,2022,03:09,0.6,09:38,1.7,15:46,0.6,22:07,1.6
19,Mo,9,2022,04:08,0.6,10:34,1.7,16:48,0.6,23:01,1.6
20,Tu,9,2022,05:03,0.6,11:25,1.7,17:41,0.6,23:48,1.6
21,We,9,2022,05:51,0.5,12:12,1.7,18:26,0.5,,
22,Th,9,2022,00:32,1.7,06:34,0.5,12:55,1.8,19:05,0.5
23,Fr,9,2022,01:12,1.7,07:14,0.5,13:35,1.8,19:40,0.4
24,Sa,9,2022,01:51,1.8,07:52,0.4,14:14,1.9,20:15,0.4
25,Su,9,2022,03:29,1.8,09:30,0.4,15:52,1.9,21:51,0.4
26,Mo,9,2022,04:09,1.9,10:09,0.3,16:31,1.9,22:29,0.4
27,Tu,9,2022,04:50,1.9,10:51,0.3,17:12,1.9,23:10,0.4
28,We,9,2022,05:33,1.9,11:36,0.3,17:56,1.9,23:54,0.4
29,Th,9,2022,06:21,1.9,12:23,0.4,18:44,1.8,,
30,Fr,9,2022,00:43,0.4,07:12,1.9,13:15,0.4,19:37,1.8
1,Sa,10,2022,01:37,0.4,08:09,1.9,14:10,0.4,20:37,1.7
2,Su,10,2022,02:35,0.4,09:10,1.9,15:12,0.5,21:41,1.7
3,Mo,10,2022,03:37,0.4,10:13,1.9,16:18,0.5,22:45,1.8
4,Tu,10,2022,04:42,0.4,11:16,1.9,17:25,0.4,23:46,1.8
5,We,10,2022,05:45,0.4,12:16,1.9,18:26,0.4,,
6,Th,10,2022,00:43,1.9,06:44,0.3,13:13,2.0,19:20,0.3
7,Fr,10,2022,01:37,2.0,07:39,0.2,14:07,2.0,20:09,0.3
8,Sa,10,2022,02:28,2.0,08:30,0.2,14:57,2.1,20:56,0.2
9,Su,10,2022,03:18,2.1,09:20,0.2,15:45,2.1,21:42,0.2
10,Mo,10,2022,04:06,2.1,10:08,0.2,16:31,2.0,22:28,0.2
11,Tu,10,2022,04:54,2.0,10:57,0.2,17:17,2.0,23:14,0.3
12,We,10,2022,05:41,2.0,11:45,0.3,18:02,1.9,,
13,Th,10,2022,00:02,0.4,06:29,1.9,12:33,0.4,18:49,1.8
14,Fr,10,2022,00:51,0.4,07:18,1.8,13:22,0.5,19:39,1.7
15,Sa,10,2022,01:42,0.5,08:10,1.7,14:13,0.6,20:34,1.6
16,Su,10,2022,02:35,0.6,09:04,1.7,15:08,0.6,21:31,1.6
17,Mo,10,2022,03:30,0.6,09:58,1.6,16:07,0.6,22:28,1.6
18,Tu,10,2022,04:26,0.6,10:52,1.6,17:06,0.6,23:20,1.6
19,We,10,2022,05:19,0.6,11:42,1.7,17:59,0.6,,
20,Th,10,2022,00:07,1.6,06:09,0.6,12:29,1.7,18:44,0.5
21,Fr,10,2022,00:51,1.7,06:53,0.5,13:14,1.7,19:23,0.5
22,Sa,10,2022,01:32,1.7,07:35,0.5,13:56,1.8,20:00,0.4
23,Su,10,2022,02:14,1.8,08:15,0.4,14:38,1.8,20:37,0.4
24,Mo,10,2022,02:55,1.9,08:56,0.4,15:19,1.9,21:15,0.3
25,Tu,10,2022,03:39,1.9,09:39,0.3,16:02,1.9,21:56,0.3
26,We,10,2022,04:24,2.0,10:25,0.3,16:47,1.9,22:41,0.3
27,Th,10,2022,05:11,2.0,11:13,0.3,17:34,1.9,23:30,0.3
28,Fr,10,2022,06:01,2.0,12:05,0.3,18:25,1.9,,
29,Sa,10,2022,00:24,0.3,06:55,2.0,13:00,0.4,19:21,1.8
30,Su,10,2022,01:21,0.3,07:54,2.0,13:58,0.4,20:22,1.8
31,Mo,10,2022,02:22,0.4,08:55,1.9,15:01,0.4,21:26,1.8
1,Tu,11,2022,03:24,0.4,09:58,1.9,16:06,0.4,22:29,1.8
2,We,11,2022,04:28,0.4,11:00,1.9,17:10,0.4,23:29,1.9
3,Th,11,2022,05:30,0.3,11:59,2.0,18:09,0.4,,
4,Fr,11,2022,00:25,1.9,06:29,0.3,12:55,2.0,19:01,0.3
5,Sa,11,2022,01:18,2.0,07:23,0.3,13:47,2.0,19:50,0.3
6,Su,11,2022,02:09,2.0,08:14,0.3,14:37,2.0,20:35,0.3
7,Mo,11,2022,02:59,2.0,09:02,0.3,15:24,2.0,21:19,0.3
8,Tu,11,2022,03:46,2.0,09:49,0.3,16:09,1.9,22:04,0.3
9,We,11,2022,04:33,2.0,10:35,0.3,16:53,1.9,22:49,0.4
10,Th,11,2022,05:19,1.9,11:21,0.4,17:36,1.8,23:35,0.4
11,Fr,11,2022,06:04,1.9,12:07,0.5,18:21,1.7,,
12,Sa,11,2022,00:22,0.5,06:49,1.8,12:54,0.5,19:07,1.6
13,Su,11,2022,01:10,0.5,07:36,1.7,13:42,0.6,19:57,1.6
14,Mo,11,2022,01:59,0.6,08:24,1.7,14:31,0.6,20:49,1.6
15,Tu,11,2022,02:49,0.6,09:14,1.7,15:23,0.6,21:42,1.6
16,We,11,2022,03:39,0.6,10:04,1.6,16:17,0.6,22:33,1.6
17,Th,11,2022,04:30,0.6,10:54,1.7,17:08,0.6,23:21,1.6
18,Fr,11,2022,05:19,0.6,11:42,1.7,17:55,0.6,,
19,Sa,11,2022,00:06,1.7,06:07,0.5,12:30,1.7,18:38,0.5
20,Su,11,2022,00:51,1.7,06:54,0.5,13:16,1.8,19:19,0.4
21,Mo,11,2022,01:37,1.8,07:39,0.4,14:02,1.8,20:00,0.4
22,Tu,11,2022,02:23,1.9,08:25,0.4,14:48,1.9,20:43,0.3
23,We,11,2022,03:12,1.9,09:13,0.3,15:36,1.9,21:28,0.3
24,Th,11,2022,04:01,2.0,10:02,0.3,16:24,1.9,22:18,0.3
25,Fr,11,2022,04:52,2.0,10:54,0.3,17:15,1.9,23:11,0.3
26,Sa,11,2022,05:45,2.1,11:49,0.3,18:08,1.9,,
27,Su,11,2022,00:08,0.3,06:40,2.1,12:46,0.3,19:05,1.9
28,Mo,11,2022,01:07,0.3,07:37,2.0,13:44,0.3,20:05,1.9
29,Tu,11,2022,02:07,0.3,08:37,2.0,14:45,0.3,21:08,1.9
30,We,11,2022,03:08,0.3,09:38,2.0,15:47,0.4,22:09,1.9
1,Th,12,2022,04:10,0.3,10:39,2.0,16:48,0.4,23:08,1.9
2,Fr,12,2022,05:11,0.3,11:38,1.9,17:47,0.4,,
3,Sa,12,2022,00:04,1.9,06:10,0.3,12:33,1.9,18:40,0.3
4,Su,12,2022,00:58,1.9,07:05,0.3,13:26,1.9,19:29,0.3
5,Mo,12,2022,01:50,1.9,07:57,0.4,14:16,1.9,20:15,0.3
6,Tu,12,2022,02:40,1.9,08:45,0.4,15:03,1.8,20:59,0.3
7,We,12,2022,03:28,1.9,09:31,0.4,15:48,1.8,21:43,0.4
8,Th,12,2022,04:14,1.9,10:16,0.4,16:31,1.8,22:27,0.4
9,Fr,12,2022,04:57,1.9,11:00,0.5,17:12,1.7,23:11,0.4
10,Sa,12,2022,05:39,1.8,11:43,0.5,17:54,1.7,23:55,0.5
11,Su,12,2022,06:20,1.8,12:26,0.5,18:36,1.6,,
12,Mo,12,2022,00:40,0.5,07:01,1.7,13:09,0.6,19:20,1.6
13,Tu,12,2022,01:24,0.5,07:44,1.7,13:53,0.6,20:07,1.6
14,We,12,2022,02:08,0.6,08:29,1.7,14:39,0.6,20:55,1.6
15,Th,12,2022,02:54,0.6,09:16,1.7,15:26,0.6,21:45,1.6
16,Fr,12,2022,03:40,0.6,10:06,1.7,16:15,0.6,22:34,1.6
17,Sa,12,2022,04:30,0.6,10:57,1.7,17:04,0.6,23:23,1.7
18,Su,12,2022,05:22,0.6,11:48,1.7,17:52,0.5,,
19,Mo,12,2022,00:13,1.7,06:14,0.5,12:39,1.7,18:39,0.5
20,Tu,12,2022,01:03,1.8,07:07,0.5,13:30,1.8,19:27,0.4
21,We,12,2022,01:56,1.9,07:58,0.4,14:22,1.8,20:15,0.3
22,Th,12,2022,02:49,2.0,08:50,0.3,15:13,1.9,21:06,0.3
23,Fr,12,2022,03:42,2.0,09:43,0.3,16:04,1.9,21:59,0.2
24,Sa,12,2022,04:35,2.1,10:37,0.2,16:57,2.0,22:55,0.2
25,Su,12,2022,05:28,2.1,11:32,0.2,17:51,2.0,23:52,0.2
26,Mo,12,2022,06:22,2.1,12:28,0.2,18:47,2.0,,
27,Tu,12,2022,00:51,0.2,07:18,2.1,13:25,0.3,19:45,2.0
28,We,12,2022,01:49,0.2,08:16,2.1,14:23,0.3,20:45,1.9
29,Th,12,2022,02:47,0.3,09:15,2.0,15:22,0.3,21:45,1.9
30,Fr,12,2022,03:47,0.3,10:15,1.9,16:22,0.4,22:45,1.9
31,Sa,12,2022,04:48,0.4,11:14,1.9,17:21,0.4,23:42,1.9
