401,Whangaroa,35°03'S,173°45'E
Based on constituent set with reference date:,01-Jul-2014
Local Std or Daylight Time,Tidal heights in metres.
1,Sa,1,2022,00:33,0.5,06:57,2.4,13:01,0.7,19:06,2.4
2,Su,1,2022,01:30,0.4,07:54,2.5,13:59,0.6,20:05,2.4
3,Mo,1,2022,02:25,0.3,08:48,2.6,14:56,0.5,21:01,2.5
4,Tu,1,2022,03:18,0.3,09:41,2.6,15:51,0.5,21:56,2.5
5,We,1,2022,04:10,0.3,10:32,2.6,16:44,0.5,22:48,2.5
6,Th,1,2022,05:01,0.3,11:22,2.6,17:37,0.5,23:39,2.4
7,Fr,1,2022,05:50,0.4,12:11,2.6,18:28,0.5,,
8,Sa,1,2022,00:30,2.3,06:40,0.5,13:01,2.5,19:19,0.6
9,Su,1,2022,01:21,2.2,07:31,0.6,13:51,2.4,20:10,0.7
10,Mo,1,2022,02:15,2.2,08:23,0.7,14:41,2.3,21:01,0.7
11,Tu,1,2022,03:12,2.1,09:18,0.9,15:34,2.2,21:54,0.8
12,We,1,2022,04:12,2.0,10:17,0.9,16:27,2.1,22:49,0.8
13,Th,1,2022,05:12,2.0,11:16,1.0,17:21,2.1,23:44,0.8
14,Fr,1,2022,06:09,2.1,12:13,1.0,18:14,2.1,,
15,Sa,1,2022,00:37,0.8,07:01,2.1,13:06,0.9,19:05,2.1
16,Su,1,2022,01:25,0.7,07:48,2.2,13:54,0.9,19:53,2.1
17,Mo,1,2022,02:10,0.7,08:31,2.2,14:38,0.9,20:37,2.1
18,Tu,1,2022,02:50,0.6,09:11,2.3,15:18,0.8,21:18,2.2
19,We,1,2022,03:29,0.6,09:49,2.3,15:57,0.8,21:58,2.2
20,Th,1,2022,04:06,0.6,10:25,2.4,16:35,0.7,22:36,2.2
21,Fr,1,2022,04:43,0.5,11:02,2.4,17:14,0.7,23:15,2.3
22,Sa,1,2022,05:21,0.6,11:40,2.4,17:54,0.7,23:55,2.3
23,Su,1,2022,06:01,0.6,12:19,2.4,18:36,0.6,,
24,Mo,1,2022,00:39,2.2,06:44,0.6,13:02,2.4,19:21,0.6
25,Tu,1,2022,01:26,2.2,07:31,0.7,13:48,2.3,20:09,0.6
26,We,1,2022,02:20,2.2,08:24,0.7,14:40,2.3,21:03,0.6
27,Th,1,2022,03:20,2.2,09:25,0.8,15:37,2.3,22:02,0.6
28,Fr,1,2022,04:26,2.2,10:30,0.8,16:40,2.3,23:06,0.6
29,Sa,1,2022,05:33,2.2,11:38,0.8,17:45,2.3,,
30,Su,1,2022,00:11,0.6,06:38,2.3,12:44,0.7,18:50,2.3
31,Mo,1,2022,01:13,0.5,07:38,2.4,13:46,0.7,19:52,2.4
1,Tu,2,2022,02:11,0.4,08:33,2.5,14:43,0.6,20:49,2.4
2,We,2,2022,03:04,0.4,09:25,2.6,15:37,0.5,21:42,2.5
3,Th,2,2022,03:55,0.3,10:14,2.6,16:27,0.5,22:32,2.5
4,Fr,2,2022,04:42,0.4,11:01,2.6,17:16,0.5,23:19,2.4
5,Sa,2,2022,05:28,0.4,11:46,2.6,18:02,0.5,,
6,Su,2,2022,00:05,2.4,06:14,0.5,12:30,2.5,18:47,0.6
7,Mo,2,2022,00:51,2.3,06:59,0.6,13:14,2.4,19:31,0.6
8,Tu,2,2022,01:38,2.2,07:46,0.8,13:59,2.3,20:17,0.7
9,We,2,2022,02:29,2.1,08:37,0.9,14:48,2.1,21:06,0.8
10,Th,2,2022,03:25,2.0,09:32,1.0,15:40,2.1,22:00,0.8
11,Fr,2,2022,04:26,2.0,10:33,1.0,16:37,2.0,22:59,0.9
12,Sa,2,2022,05:28,2.0,11:35,1.0,17:36,2.0,23:59,0.9
13,Su,2,2022,06:26,2.0,12:33,1.0,18:33,2.0,,
14,Mo,2,2022,00:54,0.8,07:17,2.1,13:25,0.9,19:25,2.1
15,Tu,2,2022,01:42,0.7,08:02,2.2,14:10,0.9,20:12,2.1
16,We,2,2022,02:24,0.7,08:43,2.3,14:52,0.8,20:54,2.2
17,Th,2,2022,03:03,0.6,09:21,2.3,15:31,0.7,21:34,2.3
18,Fr,2,2022,03:41,0.5,09:58,2.4,16:09,0.6,22:13,2.3
19,Sa,2,2022,04:19,0.5,10:35,2.5,16:48,0.6,22:53,2.4
20,Su,2,2022,04:58,0.5,11:13,2.5,17:28,0.5,23:34,2.4
21,Mo,2,2022,05:38,0.5,11:53,2.5,18:10,0.5,,
22,Tu,2,2022,00:17,2.3,06:22,0.6,12:36,2.4,18:55,0.5
23,We,2,2022,01:05,2.3,07:11,0.7,13:23,2.4,19:43,0.6
24,Th,2,2022,01:58,2.3,08:05,0.7,14:16,2.3,20:37,0.6
25,Fr,2,2022,02:59,2.2,09:06,0.8,15:15,2.2,21:38,0.7
26,Sa,2,2022,04:06,2.2,10:14,0.8,16:22,2.2,22:47,0.7
27,Su,2,2022,05:16,2.2,11:25,0.8,17:32,2.2,23:56,0.6
28,Mo,2,2022,06:22,2.3,12:32,0.8,18:39,2.2,,
1,Tu,3,2022,01:00,0.6,07:23,2.4,13:34,0.7,19:41,2.3
2,We,3,2022,01:57,0.5,08:17,2.5,14:29,0.6,20:36,2.4
3,Th,3,2022,02:49,0.4,09:06,2.5,15:19,0.5,21:26,2.4
4,Fr,3,2022,03:36,0.4,09:52,2.6,16:05,0.5,22:12,2.4
5,Sa,3,2022,04:20,0.4,10:35,2.5,16:49,0.5,22:56,2.4
6,Su,3,2022,05:03,0.5,11:16,2.5,17:31,0.5,23:38,2.4
7,Mo,3,2022,05:45,0.6,11:57,2.4,18:11,0.5,,
8,Tu,3,2022,00:19,2.3,06:27,0.7,12:37,2.3,18:52,0.6
9,We,3,2022,01:02,2.2,07:11,0.8,13:19,2.2,19:34,0.7
10,Th,3,2022,01:48,2.1,07:58,0.9,14:05,2.1,20:20,0.8
11,Fr,3,2022,02:40,2.0,08:51,1.0,14:57,2.0,21:13,0.9
12,Sa,3,2022,03:40,2.0,09:51,1.0,15:55,2.0,22:14,0.9
13,Su,3,2022,04:44,2.0,10:54,1.0,16:58,1.9,23:18,0.9
14,Mo,3,2022,05:45,2.0,11:55,1.0,17:58,2.0,,
15,Tu,3,2022,00:17,0.9,06:38,2.1,12:49,0.9,18:53,2.0
16,We,3,2022,01:07,0.8,07:25,2.2,13:36,0.8,19:41,2.1
17,Th,3,2022,01:51,0.7,08:07,2.3,14:19,0.7,20:25,2.2
18,Fr,3,2022,02:32,0.6,08:47,2.4,14:59,0.6,21:07,2.3
19,Sa,3,2022,03:12,0.5,09:26,2.4,15:39,0.5,21:48,2.4
20,Su,3,2022,03:52,0.5,10:05,2.5,16:20,0.5,22:30,2.5
21,Mo,3,2022,04:34,0.5,10:46,2.5,17:02,0.4,23:13,2.5
22,Tu,3,2022,05:18,0.5,11:29,2.5,17:45,0.4,23:58,2.4
23,We,3,2022,06:05,0.6,12:14,2.4,18:32,0.5,,
24,Th,3,2022,00:47,2.4,06:56,0.6,13:04,2.4,19:22,0.5
25,Fr,3,2022,01:42,2.3,07:53,0.7,14:00,2.3,20:19,0.6
26,Sa,3,2022,02:44,2.2,08:56,0.8,15:03,2.2,21:23,0.7
27,Su,3,2022,03:52,2.2,10:05,0.8,16:12,2.1,22:33,0.7
28,Mo,3,2022,05:02,2.2,11:15,0.8,17:23,2.1,23:43,0.7
29,Tu,3,2022,06:06,2.3,12:20,0.7,18:29,2.2,,
30,We,3,2022,00:46,0.6,07:04,2.3,13:19,0.7,19:28,2.3
31,Th,3,2022,01:40,0.6,07:55,2.4,14:10,0.6,20:20,2.3
1,Fr,4,2022,02:29,0.5,08:42,2.5,14:56,0.5,21:07,2.4
2,Sa,4,2022,03:14,0.5,09:25,2.5,15:39,0.5,21:50,2.4
3,Su,4,2022,02:56,0.5,09:06,2.5,15:19,0.5,21:30,2.4
4,Mo,4,2022,03:36,0.6,09:45,2.4,15:58,0.5,22:09,2.4
5,Tu,4,2022,04:16,0.7,10:23,2.3,16:36,0.6,22:48,2.3
6,We,4,2022,04:57,0.7,11:02,2.2,17:14,0.6,23:28,2.2
7,Th,4,2022,05:39,0.8,11:43,2.1,17:55,0.7,,
8,Fr,4,2022,00:12,2.2,06:25,0.9,12:27,2.1,18:40,0.8
9,Sa,4,2022,01:01,2.1,07:16,1.0,13:18,2.0,19:31,0.9
10,Su,4,2022,01:57,2.0,08:12,1.0,14:16,1.9,20:30,0.9
11,Mo,4,2022,02:59,2.0,09:13,1.0,15:18,1.9,21:33,0.9
12,Tu,4,2022,03:59,2.0,10:13,1.0,16:19,2.0,22:33,0.9
13,We,4,2022,04:53,2.1,11:07,0.9,17:15,2.1,23:25,0.8
14,Th,4,2022,05:41,2.2,11:56,0.8,18:06,2.2,,
15,Fr,4,2022,00:13,0.7,06:25,2.3,12:41,0.7,18:53,2.3
16,Sa,4,2022,00:57,0.6,07:08,2.4,13:25,0.5,19:38,2.4
17,Su,4,2022,01:41,0.5,07:51,2.5,14:08,0.4,20:22,2.5
18,Mo,4,2022,02:26,0.5,08:35,2.5,14:52,0.4,21:07,2.5
19,Tu,4,2022,03:12,0.5,09:20,2.5,15:37,0.3,21:53,2.5
20,We,4,2022,04:00,0.5,10:08,2.5,16:24,0.4,22:42,2.5
21,Th,4,2022,04:51,0.6,10:57,2.4,17:13,0.4,23:33,2.5
22,Fr,4,2022,05:46,0.6,11:51,2.3,18:07,0.5,,
23,Sa,4,2022,00:30,2.4,06:45,0.7,12:50,2.2,19:06,0.6
24,Su,4,2022,01:33,2.3,07:49,0.8,13:54,2.2,20:11,0.7
25,Mo,4,2022,02:40,2.3,08:56,0.8,15:03,2.1,21:19,0.7
26,Tu,4,2022,03:45,2.3,10:02,0.8,16:12,2.1,22:26,0.7
27,We,4,2022,04:45,2.3,11:03,0.7,17:14,2.2,23:26,0.7
28,Th,4,2022,05:39,2.3,11:57,0.6,18:10,2.2,,
29,Fr,4,2022,00:18,0.7,06:28,2.4,12:45,0.6,18:59,2.3
30,Sa,4,2022,01:06,0.6,07:13,2.4,13:29,0.5,19:44,2.3
1,Su,5,2022,01:49,0.6,07:55,2.4,14:10,0.5,20:25,2.4
2,Mo,5,2022,02:30,0.7,08:35,2.3,14:48,0.5,21:04,2.4
3,Tu,5,2022,03:10,0.7,09:14,2.3,15:26,0.5,21:42,2.3
4,We,5,2022,03:50,0.7,09:53,2.2,16:03,0.6,22:20,2.3
5,Th,5,2022,04:30,0.8,10:32,2.2,16:42,0.7,22:59,2.2
6,Fr,5,2022,05:12,0.8,11:12,2.1,17:22,0.7,23:41,2.2
7,Sa,5,2022,05:56,0.9,11:56,2.1,18:06,0.8,,
8,Su,5,2022,00:28,2.1,06:45,0.9,12:45,2.0,18:55,0.9
9,Mo,5,2022,01:20,2.1,07:37,1.0,13:39,2.0,19:49,0.9
10,Tu,5,2022,02:16,2.1,08:33,0.9,14:38,2.0,20:47,0.9
11,We,5,2022,03:12,2.1,09:29,0.9,15:38,2.0,21:45,0.9
12,Th,5,2022,04:05,2.2,10:23,0.8,16:35,2.1,22:41,0.8
13,Fr,5,2022,04:54,2.2,11:14,0.7,17:29,2.2,23:33,0.7
14,Sa,5,2022,05:43,2.3,12:03,0.6,18:19,2.3,,
15,Su,5,2022,00:23,0.6,06:31,2.4,12:51,0.5,19:09,2.4
16,Mo,5,2022,01:12,0.6,07:19,2.5,13:38,0.4,19:57,2.5
17,Tu,5,2022,02:01,0.5,08:08,2.5,14:26,0.3,20:46,2.6
18,We,5,2022,02:52,0.5,08:59,2.5,15:15,0.3,21:36,2.6
19,Th,5,2022,03:44,0.5,09:50,2.5,16:06,0.3,22:27,2.6
20,Fr,5,2022,04:39,0.5,10:44,2.4,16:58,0.4,23:21,2.5
21,Sa,5,2022,05:37,0.6,11:40,2.3,17:54,0.5,,
22,Su,5,2022,00:18,2.4,06:36,0.7,12:39,2.2,18:53,0.6
23,Mo,5,2022,01:19,2.4,07:38,0.7,13:42,2.2,19:55,0.7
24,Tu,5,2022,02:21,2.3,08:39,0.7,14:48,2.1,20:59,0.7
25,We,5,2022,03:21,2.3,09:40,0.7,15:52,2.1,22:01,0.8
26,Th,5,2022,04:17,2.3,10:37,0.7,16:52,2.2,22:59,0.8
27,Fr,5,2022,05:09,2.3,11:29,0.6,17:46,2.2,23:52,0.8
28,Sa,5,2022,05:57,2.3,12:17,0.6,18:35,2.3,,
29,Su,5,2022,00:40,0.8,06:43,2.3,13:00,0.6,19:19,2.3
30,Mo,5,2022,01:24,0.8,07:26,2.2,13:41,0.6,20:01,2.3
31,Tu,5,2022,02:06,0.8,08:07,2.2,14:20,0.6,20:40,2.3
1,We,6,2022,02:46,0.8,08:47,2.2,14:58,0.6,21:18,2.3
2,Th,6,2022,03:26,0.8,09:27,2.2,15:36,0.6,21:56,2.3
3,Fr,6,2022,04:06,0.8,10:06,2.1,16:15,0.7,22:35,2.3
4,Sa,6,2022,04:48,0.8,10:47,2.1,16:55,0.7,23:15,2.2
5,Su,6,2022,05:31,0.9,11:29,2.1,17:37,0.7,23:59,2.2
6,Mo,6,2022,06:16,0.9,12:14,2.0,18:22,0.8,,
7,Tu,6,2022,00:45,2.2,07:04,0.9,13:04,2.0,19:11,0.8
8,We,6,2022,01:35,2.2,07:54,0.9,13:59,2.0,20:05,0.9
9,Th,6,2022,02:26,2.2,08:46,0.8,14:58,2.0,21:01,0.8
10,Fr,6,2022,03:19,2.2,09:40,0.7,15:56,2.1,21:59,0.8
11,Sa,6,2022,04:11,2.3,10:34,0.6,16:54,2.2,22:56,0.8
12,Su,6,2022,05:04,2.3,11:28,0.5,17:49,2.3,23:52,0.7
13,Mo,6,2022,05:58,2.4,12:21,0.4,18:43,2.4,,
14,Tu,6,2022,00:47,0.6,06:52,2.4,13:13,0.4,19:35,2.5
15,We,6,2022,01:41,0.6,07:47,2.5,14:05,0.3,20:28,2.6
16,Th,6,2022,02:36,0.5,08:41,2.5,14:57,0.3,21:20,2.6
17,Fr,6,2022,03:31,0.5,09:36,2.5,15:50,0.3,22:13,2.6
18,Sa,6,2022,04:27,0.5,10:31,2.4,16:44,0.4,23:06,2.6
19,Su,6,2022,05:23,0.5,11:26,2.4,17:38,0.5,,
20,Mo,6,2022,00:01,2.5,06:20,0.6,12:23,2.3,18:34,0.6
21,Tu,6,2022,00:57,2.4,07:17,0.6,13:22,2.2,19:32,0.7
22,We,6,2022,01:53,2.4,08:13,0.7,14:23,2.2,20:31,0.8
23,Th,6,2022,02:49,2.3,09:09,0.7,15:24,2.1,21:31,0.8
24,Fr,6,2022,03:43,2.2,10:04,0.7,16:23,2.1,22:29,0.9
25,Sa,6,2022,04:35,2.2,10:56,0.7,17:18,2.2,23:23,0.9
26,Su,6,2022,05:25,2.2,11:46,0.7,18:09,2.2,,
27,Mo,6,2022,00:14,0.9,06:13,2.2,12:32,0.7,18:54,2.2
28,Tu,6,2022,01:00,0.8,06:59,2.2,13:15,0.6,19:37,2.3
29,We,6,2022,01:44,0.8,07:43,2.2,13:56,0.6,20:17,2.3
30,Th,6,2022,02:25,0.8,08:25,2.2,14:35,0.6,20:56,2.3
1,Fr,7,2022,03:05,0.8,09:05,2.2,15:13,0.6,21:33,2.3
2,Sa,7,2022,03:44,0.8,09:44,2.2,15:51,0.6,22:11,2.3
3,Su,7,2022,04:24,0.8,10:23,2.2,16:29,0.7,22:49,2.3
4,Mo,7,2022,05:04,0.8,11:03,2.1,17:09,0.7,23:29,2.3
5,Tu,7,2022,05:46,0.8,11:46,2.1,17:51,0.7,,
6,We,7,2022,00:11,2.3,06:30,0.8,12:32,2.1,18:37,0.8
7,Th,7,2022,00:56,2.3,07:17,0.7,13:24,2.1,19:28,0.8
8,Fr,7,2022,01:45,2.2,08:07,0.7,14:21,2.1,20:24,0.8
9,Sa,7,2022,02:38,2.2,09:01,0.7,15:22,2.1,21:24,0.8
10,Su,7,2022,03:35,2.3,09:59,0.6,16:23,2.2,22:27,0.8
11,Mo,7,2022,04:33,2.3,10:59,0.5,17:24,2.3,23:28,0.7
12,Tu,7,2022,05:33,2.3,11:57,0.5,18:22,2.4,,
13,We,7,2022,00:28,0.6,06:33,2.4,12:54,0.4,19:18,2.5
14,Th,7,2022,01:26,0.6,07:31,2.4,13:49,0.3,20:12,2.6
15,Fr,7,2022,02:22,0.5,08:28,2.5,14:42,0.3,21:04,2.6
16,Sa,7,2022,03:17,0.5,09:22,2.5,15:34,0.3,21:56,2.6
17,Su,7,2022,04:11,0.5,10:15,2.5,16:26,0.4,22:46,2.6
18,Mo,7,2022,05:03,0.5,11:07,2.4,17:17,0.4,23:37,2.5
19,Tu,7,2022,05:55,0.5,11:59,2.3,18:09,0.6,,
20,We,7,2022,00:27,2.4,06:47,0.6,12:53,2.2,19:02,0.7
21,Th,7,2022,01:18,2.3,07:38,0.6,13:50,2.2,19:57,0.8
22,Fr,7,2022,02:11,2.2,08:31,0.7,14:49,2.1,20:55,0.9
23,Sa,7,2022,03:04,2.2,09:25,0.7,15:49,2.1,21:55,0.9
24,Su,7,2022,03:59,2.1,10:20,0.8,16:46,2.1,22:53,0.9
25,Mo,7,2022,04:53,2.1,11:14,0.8,17:40,2.1,23:47,0.9
26,Tu,7,2022,05:46,2.1,12:05,0.7,18:29,2.2,,
27,We,7,2022,00:37,0.9,06:36,2.1,12:52,0.7,19:13,2.2
28,Th,7,2022,01:21,0.9,07:21,2.1,13:34,0.7,19:54,2.3
29,Fr,7,2022,02:03,0.8,08:04,2.2,14:13,0.6,20:32,2.3
30,Sa,7,2022,02:42,0.8,08:43,2.2,14:51,0.6,21:09,2.3
31,Su,7,2022,03:20,0.7,09:21,2.2,15:27,0.6,21:45,2.4
1,Mo,8,2022,03:58,0.7,09:59,2.2,16:04,0.6,22:21,2.4
2,Tu,8,2022,04:36,0.7,10:38,2.2,16:42,0.6,22:59,2.4
3,We,8,2022,05:15,0.7,11:19,2.2,17:22,0.7,23:38,2.3
4,Th,8,2022,05:57,0.7,12:03,2.2,18:07,0.7,,
5,Fr,8,2022,00:22,2.3,06:42,0.7,12:53,2.2,18:58,0.8
6,Sa,8,2022,01:11,2.3,07:33,0.7,13:50,2.2,19:55,0.8
7,Su,8,2022,02:06,2.2,08:29,0.7,14:54,2.2,20:59,0.8
8,Mo,8,2022,03:07,2.2,09:32,0.6,16:00,2.2,22:06,0.8
9,Tu,8,2022,04:12,2.2,10:37,0.6,17:05,2.3,23:12,0.8
10,We,8,2022,05:17,2.3,11:41,0.5,18:06,2.4,,
11,Th,8,2022,00:15,0.7,06:20,2.3,12:40,0.4,19:02,2.5
12,Fr,8,2022,01:13,0.6,07:19,2.4,13:35,0.4,19:56,2.6
13,Sa,8,2022,02:08,0.5,08:14,2.5,14:26,0.3,20:46,2.6
14,Su,8,2022,03:00,0.4,09:06,2.5,15:16,0.3,21:34,2.7
15,Mo,8,2022,03:49,0.4,09:55,2.5,16:04,0.4,22:21,2.6
16,Tu,8,2022,04:37,0.4,10:43,2.4,16:51,0.5,23:07,2.5
17,We,8,2022,05:24,0.5,11:31,2.4,17:39,0.6,23:53,2.4
18,Th,8,2022,06:10,0.6,12:20,2.3,18:28,0.7,,
19,Fr,8,2022,00:40,2.3,06:57,0.6,13:11,2.2,19:21,0.8
20,Sa,8,2022,01:30,2.2,07:47,0.7,14:08,2.1,20:18,0.9
21,Su,8,2022,02:24,2.1,08:42,0.8,15:09,2.0,21:19,1.0
22,Mo,8,2022,03:22,2.0,09:41,0.8,16:11,2.0,22:21,1.0
23,Tu,8,2022,04:22,2.0,10:42,0.8,17:09,2.1,23:19,1.0
24,We,8,2022,05:19,2.0,11:38,0.8,18:01,2.1,,
25,Th,8,2022,00:11,0.9,06:12,2.1,12:27,0.7,18:46,2.2
26,Fr,8,2022,00:56,0.9,06:58,2.1,13:09,0.7,19:27,2.3
27,Sa,8,2022,01:37,0.8,07:40,2.2,13:48,0.6,20:04,2.3
28,Su,8,2022,02:15,0.7,08:19,2.3,14:24,0.6,20:40,2.4
29,Mo,8,2022,02:52,0.6,08:56,2.3,15:00,0.6,21:15,2.4
30,Tu,8,2022,03:28,0.6,09:34,2.3,15:37,0.6,21:51,2.4
31,We,8,2022,04:06,0.6,10:13,2.3,16:16,0.6,22:29,2.4
1,Th,9,2022,04:45,0.5,10:54,2.3,16:58,0.6,23:09,2.4
2,Fr,9,2022,05:27,0.5,11:38,2.3,17:44,0.7,23:54,2.3
3,Sa,9,2022,06:13,0.6,12:29,2.3,18:36,0.8,,
4,Su,9,2022,00:44,2.3,07:05,0.6,13:27,2.2,19:35,0.8
5,Mo,9,2022,01:43,2.2,08:05,0.7,14:33,2.2,20:42,0.9
6,Tu,9,2022,02:49,2.2,09:12,0.7,15:43,2.2,21:53,0.8
7,We,9,2022,03:59,2.2,10:22,0.7,16:50,2.3,23:01,0.8
8,Th,9,2022,05:08,2.2,11:28,0.6,17:51,2.4,,
9,Fr,9,2022,00:04,0.7,06:11,2.3,12:27,0.5,18:46,2.5
10,Sa,9,2022,01:00,0.5,07:08,2.4,13:20,0.4,19:37,2.6
11,Su,9,2022,01:51,0.4,07:59,2.5,14:09,0.4,20:24,2.6
12,Mo,9,2022,02:39,0.4,08:47,2.5,14:55,0.4,21:09,2.6
13,Tu,9,2022,03:24,0.4,09:33,2.5,15:40,0.4,21:52,2.6
14,We,9,2022,04:07,0.4,10:17,2.5,16:24,0.5,22:34,2.5
15,Th,9,2022,04:49,0.5,11:00,2.4,17:08,0.6,23:17,2.4
16,Fr,9,2022,05:32,0.6,11:45,2.3,17:55,0.8,,
17,Sa,9,2022,00:01,2.2,06:16,0.7,12:32,2.2,18:44,0.9
18,Su,9,2022,00:49,2.1,07:04,0.8,13:25,2.1,19:39,1.0
19,Mo,9,2022,01:43,2.0,07:58,0.9,14:26,2.0,20:41,1.0
20,Tu,9,2022,02:43,2.0,09:00,0.9,15:31,2.0,21:45,1.0
21,We,9,2022,03:48,1.9,10:05,0.9,16:32,2.0,22:45,1.0
22,Th,9,2022,04:48,2.0,11:04,0.9,17:25,2.1,23:38,0.9
23,Fr,9,2022,05:42,2.0,11:54,0.8,18:11,2.2,,
24,Sa,9,2022,00:24,0.8,06:29,2.1,12:38,0.7,18:52,2.3
25,Su,9,2022,01:05,0.7,08:12,2.2,14:17,0.6,20:29,2.3
26,Mo,9,2022,02:43,0.6,08:51,2.3,14:54,0.6,21:06,2.4
27,Tu,9,2022,03:20,0.5,09:30,2.4,15:32,0.5,21:43,2.5
28,We,9,2022,03:58,0.5,10:09,2.4,16:11,0.5,22:21,2.5
29,Th,9,2022,04:37,0.4,10:49,2.5,16:53,0.5,23:02,2.5
30,Fr,9,2022,05:18,0.4,11:32,2.4,17:38,0.6,23:45,2.4
1,Sa,10,2022,06:02,0.5,12:19,2.4,18:27,0.7,,
2,Su,10,2022,00:33,2.3,06:51,0.5,13:11,2.3,19:22,0.7
3,Mo,10,2022,01:27,2.2,07:46,0.6,14:11,2.3,20:24,0.8
4,Tu,10,2022,02:29,2.2,08:48,0.7,15:19,2.2,21:33,0.8
5,We,10,2022,03:39,2.1,09:58,0.7,16:29,2.2,22:44,0.8
6,Th,10,2022,04:51,2.1,11:09,0.7,17:35,2.3,23:50,0.7
7,Fr,10,2022,05:59,2.2,12:14,0.6,18:34,2.4,,
8,Sa,10,2022,00:50,0.6,07:00,2.3,13:11,0.6,19:26,2.5
9,Su,10,2022,01:43,0.5,07:54,2.4,14:02,0.5,20:14,2.5
10,Mo,10,2022,02:30,0.4,08:42,2.5,14:49,0.5,20:59,2.5
11,Tu,10,2022,03:15,0.4,09:27,2.5,15:33,0.5,21:42,2.5
12,We,10,2022,03:56,0.4,10:10,2.5,16:15,0.5,22:23,2.5
13,Th,10,2022,04:36,0.4,10:50,2.5,16:57,0.6,23:03,2.4
14,Fr,10,2022,05:16,0.5,11:31,2.4,17:40,0.7,23:44,2.3
15,Sa,10,2022,05:56,0.6,12:12,2.3,18:24,0.8,,
16,Su,10,2022,00:26,2.2,06:38,0.7,12:56,2.2,19:11,0.9
17,Mo,10,2022,01:12,2.1,07:24,0.8,13:46,2.1,20:03,1.0
18,Tu,10,2022,02:03,2.0,08:16,0.9,14:44,2.0,21:01,1.0
19,We,10,2022,03:03,1.9,09:15,0.9,15:46,2.0,22:03,1.0
20,Th,10,2022,04:07,1.9,10:19,0.9,16:47,2.0,23:03,1.0
21,Fr,10,2022,05:09,2.0,11:20,0.9,17:40,2.1,23:57,0.9
22,Sa,10,2022,06:05,2.0,12:13,0.8,18:27,2.2,,
23,Su,10,2022,00:45,0.8,06:54,2.1,12:59,0.8,19:10,2.3
24,Mo,10,2022,01:27,0.7,07:39,2.2,13:42,0.7,19:51,2.4
25,Tu,10,2022,02:08,0.6,08:21,2.3,14:23,0.6,20:31,2.4
26,We,10,2022,02:48,0.5,09:03,2.4,15:05,0.6,21:12,2.5
27,Th,10,2022,03:29,0.4,09:45,2.5,15:48,0.5,21:55,2.5
28,Fr,10,2022,04:11,0.3,10:29,2.5,16:34,0.5,22:40,2.5
29,Sa,10,2022,04:56,0.4,11:15,2.5,17:23,0.6,23:28,2.4
30,Su,10,2022,05:43,0.4,12:04,2.5,18:15,0.6,,
31,Mo,10,2022,00:19,2.3,06:35,0.5,12:58,2.4,19:13,0.7
1,Tu,11,2022,01:16,2.2,07:32,0.6,13:59,2.3,20:16,0.8
2,We,11,2022,02:19,2.2,08:35,0.7,15:05,2.3,21:23,0.8
3,Th,11,2022,03:28,2.1,09:43,0.7,16:11,2.3,22:30,0.7
4,Fr,11,2022,04:39,2.1,10:52,0.7,17:14,2.3,23:33,0.7
5,Sa,11,2022,05:45,2.2,11:55,0.7,18:10,2.4,,
6,Su,11,2022,00:30,0.6,06:44,2.3,12:51,0.7,19:01,2.4
7,Mo,11,2022,01:21,0.5,07:36,2.3,13:41,0.6,19:49,2.4
8,Tu,11,2022,02:07,0.5,08:23,2.4,14:27,0.6,20:33,2.4
9,We,11,2022,02:49,0.4,09:06,2.4,15:11,0.6,21:15,2.4
10,Th,11,2022,03:30,0.4,09:47,2.4,15:53,0.6,21:56,2.3
11,Fr,11,2022,04:09,0.5,10:26,2.4,16:34,0.7,22:36,2.3
12,Sa,11,2022,04:47,0.5,11:05,2.4,17:15,0.7,23:16,2.2
13,Su,11,2022,05:26,0.6,11:45,2.3,17:57,0.8,23:57,2.1
14,Mo,11,2022,06:06,0.7,12:27,2.2,18:42,0.9,,
15,Tu,11,2022,00:40,2.1,06:50,0.8,13:13,2.2,19:30,0.9
16,We,11,2022,01:28,2.0,07:38,0.8,14:04,2.1,20:22,1.0
17,Th,11,2022,02:22,2.0,08:31,0.9,14:59,2.1,21:18,1.0
18,Fr,11,2022,03:21,1.9,09:28,0.9,15:54,2.1,22:14,0.9
19,Sa,11,2022,04:22,2.0,10:27,0.9,16:47,2.1,23:08,0.9
20,Su,11,2022,05:20,2.0,11:23,0.9,17:37,2.2,23:59,0.8
21,Mo,11,2022,06:14,2.1,12:15,0.8,18:24,2.3,,
22,Tu,11,2022,00:46,0.6,07:03,2.2,13:04,0.7,19:11,2.3
23,We,11,2022,01:32,0.5,07:51,2.3,13:52,0.7,19:57,2.4
24,Th,11,2022,02:17,0.4,08:37,2.5,14:40,0.6,20:45,2.5
25,Fr,11,2022,03:03,0.3,09:24,2.5,15:28,0.5,21:34,2.5
26,Sa,11,2022,03:50,0.3,10:11,2.6,16:19,0.5,22:23,2.5
27,Su,11,2022,04:39,0.3,11:01,2.6,17:11,0.5,23:15,2.4
28,Mo,11,2022,05:29,0.4,11:52,2.6,18:06,0.6,,
29,Tu,11,2022,00:09,2.4,06:23,0.4,12:47,2.5,19:04,0.6
30,We,11,2022,01:05,2.3,07:19,0.5,13:45,2.4,20:04,0.7
1,Th,12,2022,02:07,2.2,08:19,0.6,14:45,2.4,21:06,0.7
2,Fr,12,2022,03:12,2.2,09:23,0.7,15:46,2.3,22:07,0.7
3,Sa,12,2022,04:19,2.1,10:27,0.8,16:45,2.3,23:07,0.7
4,Su,12,2022,05:23,2.2,11:29,0.8,17:41,2.3,,
5,Mo,12,2022,00:03,0.6,06:22,2.2,12:27,0.8,18:33,2.3
6,Tu,12,2022,00:55,0.6,07:14,2.3,13:19,0.8,19:22,2.3
7,We,12,2022,01:41,0.6,08:02,2.3,14:07,0.8,20:08,2.3
8,Th,12,2022,02:25,0.5,08:46,2.3,14:51,0.7,20:52,2.3
9,Fr,12,2022,03:06,0.5,09:26,2.4,15:33,0.7,21:33,2.2
10,Sa,12,2022,03:45,0.5,10:05,2.4,16:14,0.8,22:14,2.2
11,Su,12,2022,04:24,0.6,10:44,2.3,16:54,0.8,22:53,2.2
12,Mo,12,2022,05:02,0.6,11:22,2.3,17:34,0.8,23:33,2.2
13,Tu,12,2022,05:41,0.7,12:01,2.3,18:16,0.8,,
14,We,12,2022,00:13,2.1,06:21,0.7,12:43,2.2,18:59,0.9
15,Th,12,2022,00:56,2.1,07:03,0.8,13:26,2.2,19:45,0.9
16,Fr,12,2022,01:43,2.0,07:49,0.8,14:12,2.2,20:33,0.9
17,Sa,12,2022,02:35,2.0,08:40,0.9,15:02,2.2,21:23,0.8
18,Su,12,2022,03:33,2.0,09:35,0.9,15:53,2.2,22:16,0.8
19,Mo,12,2022,04:32,2.0,10:33,0.9,16:46,2.2,23:11,0.7
20,Tu,12,2022,05:31,2.1,11:32,0.9,17:40,2.2,,
21,We,12,2022,00:05,0.6,06:28,2.2,12:29,0.8,18:34,2.3
22,Th,12,2022,00:59,0.5,07:22,2.3,13:24,0.7,19:29,2.4
23,Fr,12,2022,01:51,0.4,08:14,2.4,14:18,0.6,20:23,2.4
24,Sa,12,2022,02:42,0.3,09:05,2.5,15:12,0.6,21:17,2.5
25,Su,12,2022,03:34,0.3,09:56,2.6,16:06,0.5,22:10,2.5
26,Mo,12,2022,04:25,0.3,10:47,2.6,17:00,0.5,23:03,2.5
27,Tu,12,2022,05:16,0.3,11:39,2.6,17:54,0.5,23:57,2.4
28,We,12,2022,06:08,0.4,12:31,2.6,18:49,0.5,,
29,Th,12,2022,00:51,2.4,07:02,0.5,13:25,2.5,19:44,0.6
30,Fr,12,2022,01:48,2.3,07:58,0.6,14:19,2.4,20:40,0.6
31,Sa,12,2022,02:48,2.2,08:56,0.7,15:15,2.3,21:36,0.6
